N,NPfix,envs,germs,hards,pA,pGermBH,pGermWT,bankLength,wA,wB,site
1.0,1.0,ed,gs,hs,1.0,0.227,0.75,3,1.884,0.116,GCN
2.0,0.34164,ed,gs,hs,1.0,0.227,0.75,3,1.884,0.116,GCN
4.0,0.12744,ed,gs,hs,1.0,0.227,0.75,3,1.884,0.116,GCN
10.0,0.0019,ed,gs,hs,1.0,0.227,0.75,3,1.884,0.116,GCN
21.0,0.0,ed,gs,hs,1.0,0.227,0.75,3,1.884,0.116,GCN
46.0,0.0,ed,gs,hs,1.0,0.227,0.75,3,1.884,0.116,GCN
100.0,0.0,ed,gs,hs,1.0,0.227,0.75,3,1.884,0.116,GCN
215.0,0.0,ed,gs,hs,1.0,0.227,0.75,3,1.884,0.116,GCN
464.0,0.0,ed,gs,hs,1.0,0.227,0.75,3,1.884,0.116,GCN
1000.0,0.0,ed,gs,hs,1.0,0.227,0.75,3,1.884,0.116,GCN
1.0,1.0,es,gs,hs,1.0,0.227,0.75,3,1.884,0.116,GCN
2.0,0.54178,es,gs,hs,1.0,0.227,0.75,3,1.884,0.116,GCN
4.0,0.12592,es,gs,hs,1.0,0.227,0.75,3,1.884,0.116,GCN
10.0,0.0,es,gs,hs,1.0,0.227,0.75,3,1.884,0.116,GCN
21.0,0.0,es,gs,hs,1.0,0.227,0.75,3,1.884,0.116,GCN
46.0,0.0,es,gs,hs,1.0,0.227,0.75,3,1.884,0.116,GCN
100.0,0.0,es,gs,hs,1.0,0.227,0.75,3,1.884,0.116,GCN
215.0,0.0,es,gs,hs,1.0,0.227,0.75,3,1.884,0.116,GCN
464.0,0.0,es,gs,hs,1.0,0.227,0.75,3,1.884,0.116,GCN
1000.0,0.0,es,gs,hs,1.0,0.227,0.75,3,1.884,0.116,GCN
1.0,1.0,es,gs,hs,0.0,0.227,0.5,3,1.884,0.116,GCN
2.0,0.00842,es,gs,hs,0.0,0.227,0.5,3,1.884,0.116,GCN
4.0,4e-05,es,gs,hs,0.0,0.227,0.5,3,1.884,0.116,GCN
10.0,0.0,es,gs,hs,0.0,0.227,0.5,3,1.884,0.116,GCN
21.0,0.0,es,gs,hs,0.0,0.227,0.5,3,1.884,0.116,GCN
46.0,0.0,es,gs,hs,0.0,0.227,0.5,3,1.884,0.116,GCN
100.0,0.0,es,gs,hs,0.0,0.227,0.5,3,1.884,0.116,GCN
215.0,0.0,es,gs,hs,0.0,0.227,0.5,3,1.884,0.116,GCN
464.0,0.0,es,gs,hs,0.0,0.227,0.5,3,1.884,0.116,GCN
1000.0,0.0,es,gs,hs,0.0,0.227,0.5,3,1.884,0.116,GCN
1.0,1.0,es,gs,hs,1.0,0.227,1.0,5,1.884,0.116,GCN
2.0,0.60962,es,gs,hs,1.0,0.227,1.0,5,1.884,0.116,GCN
4.0,0.17368,es,gs,hs,1.0,0.227,1.0,5,1.884,0.116,GCN
10.0,0.016,es,gs,hs,1.0,0.227,1.0,5,1.884,0.116,GCN
21.0,0.00021,es,gs,hs,1.0,0.227,1.0,5,1.884,0.116,GCN
46.0,0.0,es,gs,hs,1.0,0.227,1.0,5,1.884,0.116,GCN
100.0,0.0,es,gs,hs,1.0,0.227,1.0,5,1.884,0.116,GCN
215.0,0.0,es,gs,hs,1.0,0.227,1.0,5,1.884,0.116,GCN
464.0,0.0,es,gs,hs,1.0,0.227,1.0,5,1.884,0.116,GCN
1000.0,0.0,es,gs,hs,1.0,0.227,1.0,5,1.884,0.116,GCN
1.0,1.0,es,gs,hs,0.25,0.227,1.0,3,1.884,0.116,GCN
2.0,0.16212,es,gs,hs,0.25,0.227,1.0,3,1.884,0.116,GCN
4.0,0.05976,es,gs,hs,0.25,0.227,1.0,3,1.884,0.116,GCN
10.0,0.0004,es,gs,hs,0.25,0.227,1.0,3,1.884,0.116,GCN
21.0,0.0,es,gs,hs,0.25,0.227,1.0,3,1.884,0.116,GCN
46.0,0.0,es,gs,hs,0.25,0.227,1.0,3,1.884,0.116,GCN
100.0,0.0,es,gs,hs,0.25,0.227,1.0,3,1.884,0.116,GCN
215.0,0.0,es,gs,hs,0.25,0.227,1.0,3,1.884,0.116,GCN
464.0,0.0,es,gs,hs,0.25,0.227,1.0,3,1.884,0.116,GCN
1000.0,0.0,es,gs,hs,0.25,0.227,1.0,3,1.884,0.116,GCN
1.0,1.0,ed,gs,hs,0.25,0.227,1.0,3,1.884,0.116,GCN
2.0,0.34178,ed,gs,hs,0.25,0.227,1.0,3,1.884,0.116,GCN
4.0,0.182,ed,gs,hs,0.25,0.227,1.0,3,1.884,0.116,GCN
10.0,0.0038,ed,gs,hs,0.25,0.227,1.0,3,1.884,0.116,GCN
21.0,0.0,ed,gs,hs,0.25,0.227,1.0,3,1.884,0.116,GCN
46.0,0.0,ed,gs,hs,0.25,0.227,1.0,3,1.884,0.116,GCN
100.0,0.0,ed,gs,hs,0.25,0.227,1.0,3,1.884,0.116,GCN
215.0,0.0,ed,gs,hs,0.25,0.227,1.0,3,1.884,0.116,GCN
464.0,0.0,ed,gs,hs,0.25,0.227,1.0,3,1.884,0.116,GCN
1000.0,0.0,ed,gs,hs,0.25,0.227,1.0,3,1.884,0.116,GCN
1.0,1.0,es,gs,hs,1.0,0.227,1.0,7,1.884,0.116,GCN
2.0,0.71658,es,gs,hs,1.0,0.227,1.0,7,1.884,0.116,GCN
4.0,0.29392,es,gs,hs,1.0,0.227,1.0,7,1.884,0.116,GCN
10.0,0.0458,es,gs,hs,1.0,0.227,1.0,7,1.884,0.116,GCN
21.0,0.00147,es,gs,hs,1.0,0.227,1.0,7,1.884,0.116,GCN
46.0,0.0,es,gs,hs,1.0,0.227,1.0,7,1.884,0.116,GCN
100.0,0.0,es,gs,hs,1.0,0.227,1.0,7,1.884,0.116,GCN
215.0,0.0,es,gs,hs,1.0,0.227,1.0,7,1.884,0.116,GCN
464.0,0.0,es,gs,hs,1.0,0.227,1.0,7,1.884,0.116,GCN
1000.0,0.0,es,gs,hs,1.0,0.227,1.0,7,1.884,0.116,GCN
1.0,1.0,es,gs,hs,0.5,0.227,0.5,3,1.884,0.116,GCN
2.0,0.33572,es,gs,hs,0.5,0.227,0.5,3,1.884,0.116,GCN
4.0,0.12316,es,gs,hs,0.5,0.227,0.5,3,1.884,0.116,GCN
10.0,0.001,es,gs,hs,0.5,0.227,0.5,3,1.884,0.116,GCN
21.0,0.0,es,gs,hs,0.5,0.227,0.5,3,1.884,0.116,GCN
46.0,0.0,es,gs,hs,0.5,0.227,0.5,3,1.884,0.116,GCN
100.0,0.0,es,gs,hs,0.5,0.227,0.5,3,1.884,0.116,GCN
215.0,0.0,es,gs,hs,0.5,0.227,0.5,3,1.884,0.116,GCN
464.0,0.0,es,gs,hs,0.5,0.227,0.5,3,1.884,0.116,GCN
1000.0,0.0,es,gs,hs,0.5,0.227,0.5,3,1.884,0.116,GCN
1.0,1.0,ed,gs,hs,0.25,0.227,1.0,5,1.884,0.116,GCN
2.0,0.44906,ed,gs,hs,0.25,0.227,1.0,5,1.884,0.116,GCN
4.0,0.253,ed,gs,hs,0.25,0.227,1.0,5,1.884,0.116,GCN
10.0,0.0049,ed,gs,hs,0.25,0.227,1.0,5,1.884,0.116,GCN
21.0,0.0,ed,gs,hs,0.25,0.227,1.0,5,1.884,0.116,GCN
46.0,0.0,ed,gs,hs,0.25,0.227,1.0,5,1.884,0.116,GCN
100.0,0.0,ed,gs,hs,0.25,0.227,1.0,5,1.884,0.116,GCN
215.0,0.0,ed,gs,hs,0.25,0.227,1.0,5,1.884,0.116,GCN
464.0,0.0,ed,gs,hs,0.25,0.227,1.0,5,1.884,0.116,GCN
1000.0,0.0,ed,gs,hs,0.25,0.227,1.0,5,1.884,0.116,GCN
1.0,1.0,es,gs,hs,0.0,0.227,0.5,7,1.884,0.116,GCN
2.0,0.01198,es,gs,hs,0.0,0.227,0.5,7,1.884,0.116,GCN
4.0,0.0,es,gs,hs,0.0,0.227,0.5,7,1.884,0.116,GCN
10.0,0.0,es,gs,hs,0.0,0.227,0.5,7,1.884,0.116,GCN
21.0,0.0,es,gs,hs,0.0,0.227,0.5,7,1.884,0.116,GCN
46.0,0.0,es,gs,hs,0.0,0.227,0.5,7,1.884,0.116,GCN
100.0,0.0,es,gs,hs,0.0,0.227,0.5,7,1.884,0.116,GCN
215.0,0.0,es,gs,hs,0.0,0.227,0.5,7,1.884,0.116,GCN
464.0,0.0,es,gs,hs,0.0,0.227,0.5,7,1.884,0.116,GCN
1000.0,0.0,es,gs,hs,0.0,0.227,0.5,7,1.884,0.116,GCN
1.0,1.0,es,gs,hs,1.0,0.227,0.75,7,1.884,0.116,GCN
2.0,0.82152,es,gs,hs,1.0,0.227,0.75,7,1.884,0.116,GCN
4.0,0.3162,es,gs,hs,1.0,0.227,0.75,7,1.884,0.116,GCN
10.0,0.0373,es,gs,hs,1.0,0.227,0.75,7,1.884,0.116,GCN
21.0,0.00084,es,gs,hs,1.0,0.227,0.75,7,1.884,0.116,GCN
46.0,0.0,es,gs,hs,1.0,0.227,0.75,7,1.884,0.116,GCN
100.0,0.0,es,gs,hs,1.0,0.227,0.75,7,1.884,0.116,GCN
215.0,0.0,es,gs,hs,1.0,0.227,0.75,7,1.884,0.116,GCN
464.0,0.0,es,gs,hs,1.0,0.227,0.75,7,1.884,0.116,GCN
1000.0,0.0,es,gs,hs,1.0,0.227,0.75,7,1.884,0.116,GCN
1.0,1.0,es,gs,hs,0.5,0.227,0.5,5,1.884,0.116,GCN
2.0,0.4398,es,gs,hs,0.5,0.227,0.5,5,1.884,0.116,GCN
4.0,0.17728,es,gs,hs,0.5,0.227,0.5,5,1.884,0.116,GCN
10.0,0.002,es,gs,hs,0.5,0.227,0.5,5,1.884,0.116,GCN
21.0,0.0,es,gs,hs,0.5,0.227,0.5,5,1.884,0.116,GCN
46.0,0.0,es,gs,hs,0.5,0.227,0.5,5,1.884,0.116,GCN
100.0,0.0,es,gs,hs,0.5,0.227,0.5,5,1.884,0.116,GCN
215.0,0.0,es,gs,hs,0.5,0.227,0.5,5,1.884,0.116,GCN
464.0,0.0,es,gs,hs,0.5,0.227,0.5,5,1.884,0.116,GCN
1000.0,0.0,es,gs,hs,0.5,0.227,0.5,5,1.884,0.116,GCN
1.0,1.0,ed,gs,hs,1.0,0.227,0.75,7,1.884,0.116,GCN
2.0,0.53008,ed,gs,hs,1.0,0.227,0.75,7,1.884,0.116,GCN
4.0,0.26068,ed,gs,hs,1.0,0.227,0.75,7,1.884,0.116,GCN
10.0,0.0055999999999999,ed,gs,hs,1.0,0.227,0.75,7,1.884,0.116,GCN
21.0,0.0,ed,gs,hs,1.0,0.227,0.75,7,1.884,0.116,GCN
46.0,0.0,ed,gs,hs,1.0,0.227,0.75,7,1.884,0.116,GCN
100.0,0.0,ed,gs,hs,1.0,0.227,0.75,7,1.884,0.116,GCN
215.0,0.0,ed,gs,hs,1.0,0.227,0.75,7,1.884,0.116,GCN
464.0,0.0,ed,gs,hs,1.0,0.227,0.75,7,1.884,0.116,GCN
1000.0,0.0,ed,gs,hs,1.0,0.227,0.75,7,1.884,0.116,GCN
1.0,1.0,es,gs,hs,0.25,0.227,1.0,5,1.884,0.116,GCN
2.0,0.21248,es,gs,hs,0.25,0.227,1.0,5,1.884,0.116,GCN
4.0,0.085,es,gs,hs,0.25,0.227,1.0,5,1.884,0.116,GCN
10.0,0.0009,es,gs,hs,0.25,0.227,1.0,5,1.884,0.116,GCN
21.0,0.0,es,gs,hs,0.25,0.227,1.0,5,1.884,0.116,GCN
46.0,0.0,es,gs,hs,0.25,0.227,1.0,5,1.884,0.116,GCN
100.0,0.0,es,gs,hs,0.25,0.227,1.0,5,1.884,0.116,GCN
215.0,0.0,es,gs,hs,0.25,0.227,1.0,5,1.884,0.116,GCN
464.0,0.0,es,gs,hs,0.25,0.227,1.0,5,1.884,0.116,GCN
1000.0,0.0,es,gs,hs,0.25,0.227,1.0,5,1.884,0.116,GCN
1.0,1.0,es,gs,hs,0.5,0.227,0.5,7,1.884,0.116,GCN
2.0,0.5051,es,gs,hs,0.5,0.227,0.5,7,1.884,0.116,GCN
4.0,0.22816,es,gs,hs,0.5,0.227,0.5,7,1.884,0.116,GCN
10.0,0.0037,es,gs,hs,0.5,0.227,0.5,7,1.884,0.116,GCN
21.0,0.0,es,gs,hs,0.5,0.227,0.5,7,1.884,0.116,GCN
46.0,0.0,es,gs,hs,0.5,0.227,0.5,7,1.884,0.116,GCN
100.0,0.0,es,gs,hs,0.5,0.227,0.5,7,1.884,0.116,GCN
215.0,0.0,es,gs,hs,0.5,0.227,0.5,7,1.884,0.116,GCN
464.0,0.0,es,gs,hs,0.5,0.227,0.5,7,1.884,0.116,GCN
1000.0,0.0,es,gs,hs,0.5,0.227,0.5,7,1.884,0.116,GCN
1.0,1.0,es,gs,hs,0.0,0.227,0.5,5,1.884,0.116,GCN
2.0,0.011,es,gs,hs,0.0,0.227,0.5,5,1.884,0.116,GCN
4.0,8e-05,es,gs,hs,0.0,0.227,0.5,5,1.884,0.116,GCN
10.0,0.0,es,gs,hs,0.0,0.227,0.5,5,1.884,0.116,GCN
21.0,0.0,es,gs,hs,0.0,0.227,0.5,5,1.884,0.116,GCN
46.0,0.0,es,gs,hs,0.0,0.227,0.5,5,1.884,0.116,GCN
100.0,0.0,es,gs,hs,0.0,0.227,0.5,5,1.884,0.116,GCN
215.0,0.0,es,gs,hs,0.0,0.227,0.5,5,1.884,0.116,GCN
464.0,0.0,es,gs,hs,0.0,0.227,0.5,5,1.884,0.116,GCN
1000.0,0.0,es,gs,hs,0.0,0.227,0.5,5,1.884,0.116,GCN
1.0,1.0,es,gs,hs,1.0,0.227,0.75,5,1.884,0.116,GCN
2.0,0.70672,es,gs,hs,1.0,0.227,0.75,5,1.884,0.116,GCN
4.0,0.2002,es,gs,hs,1.0,0.227,0.75,5,1.884,0.116,GCN
10.0,0.007,es,gs,hs,1.0,0.227,0.75,5,1.884,0.116,GCN
21.0,0.0,es,gs,hs,1.0,0.227,0.75,5,1.884,0.116,GCN
46.0,0.0,es,gs,hs,1.0,0.227,0.75,5,1.884,0.116,GCN
100.0,0.0,es,gs,hs,1.0,0.227,0.75,5,1.884,0.116,GCN
215.0,0.0,es,gs,hs,1.0,0.227,0.75,5,1.884,0.116,GCN
464.0,0.0,es,gs,hs,1.0,0.227,0.75,5,1.884,0.116,GCN
1000.0,0.0,es,gs,hs,1.0,0.227,0.75,5,1.884,0.116,GCN
1.0,1.0,ed,gs,hs,0.25,0.227,1.0,7,1.884,0.116,GCN
2.0,0.51598,ed,gs,hs,0.25,0.227,1.0,7,1.884,0.116,GCN
4.0,0.30552,ed,gs,hs,0.25,0.227,1.0,7,1.884,0.116,GCN
10.0,0.0071,ed,gs,hs,0.25,0.227,1.0,7,1.884,0.116,GCN
21.0,0.0,ed,gs,hs,0.25,0.227,1.0,7,1.884,0.116,GCN
46.0,0.0,ed,gs,hs,0.25,0.227,1.0,7,1.884,0.116,GCN
100.0,0.0,ed,gs,hs,0.25,0.227,1.0,7,1.884,0.116,GCN
215.0,0.0,ed,gs,hs,0.25,0.227,1.0,7,1.884,0.116,GCN
464.0,0.0,ed,gs,hs,0.25,0.227,1.0,7,1.884,0.116,GCN
1000.0,0.0,ed,gs,hs,0.25,0.227,1.0,7,1.884,0.116,GCN
1.0,1.0,es,gs,hs,1.0,0.227,1.0,3,1.884,0.116,GCN
2.0,0.45134,es,gs,hs,1.0,0.227,1.0,3,1.884,0.116,GCN
4.0,0.0956,es,gs,hs,1.0,0.227,1.0,3,1.884,0.116,GCN
10.0,0.0002,es,gs,hs,1.0,0.227,1.0,3,1.884,0.116,GCN
21.0,0.0,es,gs,hs,1.0,0.227,1.0,3,1.884,0.116,GCN
46.0,0.0,es,gs,hs,1.0,0.227,1.0,3,1.884,0.116,GCN
100.0,0.0,es,gs,hs,1.0,0.227,1.0,3,1.884,0.116,GCN
215.0,0.0,es,gs,hs,1.0,0.227,1.0,3,1.884,0.116,GCN
464.0,0.0,es,gs,hs,1.0,0.227,1.0,3,1.884,0.116,GCN
1000.0,0.0,es,gs,hs,1.0,0.227,1.0,3,1.884,0.116,GCN
1.0,1.0,es,gs,hs,0.25,0.227,1.0,7,1.884,0.116,GCN
2.0,0.24376,es,gs,hs,0.25,0.227,1.0,7,1.884,0.116,GCN
4.0,0.10432,es,gs,hs,0.25,0.227,1.0,7,1.884,0.116,GCN
10.0,0.0003,es,gs,hs,0.25,0.227,1.0,7,1.884,0.116,GCN
21.0,0.0,es,gs,hs,0.25,0.227,1.0,7,1.884,0.116,GCN
46.0,0.0,es,gs,hs,0.25,0.227,1.0,7,1.884,0.116,GCN
100.0,0.0,es,gs,hs,0.25,0.227,1.0,7,1.884,0.116,GCN
215.0,0.0,es,gs,hs,0.25,0.227,1.0,7,1.884,0.116,GCN
464.0,0.0,es,gs,hs,0.25,0.227,1.0,7,1.884,0.116,GCN
1000.0,0.0,es,gs,hs,0.25,0.227,1.0,7,1.884,0.116,GCN
1.0,1.0,ed,gs,hs,1.0,0.227,0.75,5,1.884,0.116,GCN
2.0,0.45984,ed,gs,hs,1.0,0.227,0.75,5,1.884,0.116,GCN
4.0,0.20236,ed,gs,hs,1.0,0.227,0.75,5,1.884,0.116,GCN
10.0,0.0044,ed,gs,hs,1.0,0.227,0.75,5,1.884,0.116,GCN
21.0,0.0,ed,gs,hs,1.0,0.227,0.75,5,1.884,0.116,GCN
46.0,0.0,ed,gs,hs,1.0,0.227,0.75,5,1.884,0.116,GCN
100.0,0.0,ed,gs,hs,1.0,0.227,0.75,5,1.884,0.116,GCN
215.0,0.0,ed,gs,hs,1.0,0.227,0.75,5,1.884,0.116,GCN
464.0,0.0,ed,gs,hs,1.0,0.227,0.75,5,1.884,0.116,GCN
1000.0,0.0,ed,gs,hs,1.0,0.227,0.75,5,1.884,0.116,GCN
1.0,1.0,ed,gs,hs,0.75,0.227,0.227,3,1.884,0.116,GCN
2.0,0.3973,ed,gs,hs,0.75,0.227,0.227,3,1.884,0.116,GCN
4.0,0.1918,ed,gs,hs,0.75,0.227,0.227,3,1.884,0.116,GCN
10.0,0.0029,ed,gs,hs,0.75,0.227,0.227,3,1.884,0.116,GCN
21.0,0.0,ed,gs,hs,0.75,0.227,0.227,3,1.884,0.116,GCN
46.0,0.0,ed,gs,hs,0.75,0.227,0.227,3,1.884,0.116,GCN
100.0,0.0,ed,gs,hs,0.75,0.227,0.227,3,1.884,0.116,GCN
215.0,0.0,ed,gs,hs,0.75,0.227,0.227,3,1.884,0.116,GCN
464.0,0.0,ed,gs,hs,0.75,0.227,0.227,3,1.884,0.116,GCN
1000.0,0.0,ed,gs,hs,0.75,0.227,0.227,3,1.884,0.116,GCN
1.0,1.0,es,gs,hs,0.25,0.227,0.5,7,1.884,0.116,GCN
2.0,0.2524,es,gs,hs,0.25,0.227,0.5,7,1.884,0.116,GCN
4.0,0.09812,es,gs,hs,0.25,0.227,0.5,7,1.884,0.116,GCN
10.0,0.0004,es,gs,hs,0.25,0.227,0.5,7,1.884,0.116,GCN
21.0,0.0,es,gs,hs,0.25,0.227,0.5,7,1.884,0.116,GCN
46.0,0.0,es,gs,hs,0.25,0.227,0.5,7,1.884,0.116,GCN
100.0,0.0,es,gs,hs,0.25,0.227,0.5,7,1.884,0.116,GCN
215.0,0.0,es,gs,hs,0.25,0.227,0.5,7,1.884,0.116,GCN
464.0,0.0,es,gs,hs,0.25,0.227,0.5,7,1.884,0.116,GCN
1000.0,0.0,es,gs,hs,0.25,0.227,0.5,7,1.884,0.116,GCN
1.0,1.0,es,gs,hs,0.25,0.227,0.75,7,1.884,0.116,GCN
2.0,0.25134,es,gs,hs,0.25,0.227,0.75,7,1.884,0.116,GCN
4.0,0.09768,es,gs,hs,0.25,0.227,0.75,7,1.884,0.116,GCN
10.0,0.001,es,gs,hs,0.25,0.227,0.75,7,1.884,0.116,GCN
21.0,0.0,es,gs,hs,0.25,0.227,0.75,7,1.884,0.116,GCN
46.0,0.0,es,gs,hs,0.25,0.227,0.75,7,1.884,0.116,GCN
100.0,0.0,es,gs,hs,0.25,0.227,0.75,7,1.884,0.116,GCN
215.0,0.0,es,gs,hs,0.25,0.227,0.75,7,1.884,0.116,GCN
464.0,0.0,es,gs,hs,0.25,0.227,0.75,7,1.884,0.116,GCN
1000.0,0.0,es,gs,hs,0.25,0.227,0.75,7,1.884,0.116,GCN
1.0,1.0,ed,gs,hs,0.0,0.227,0.75,3,1.884,0.116,GCN
2.0,0.3355,ed,gs,hs,0.0,0.227,0.75,3,1.884,0.116,GCN
4.0,0.16256,ed,gs,hs,0.0,0.227,0.75,3,1.884,0.116,GCN
10.0,0.0032,ed,gs,hs,0.0,0.227,0.75,3,1.884,0.116,GCN
21.0,0.0,ed,gs,hs,0.0,0.227,0.75,3,1.884,0.116,GCN
46.0,0.0,ed,gs,hs,0.0,0.227,0.75,3,1.884,0.116,GCN
100.0,0.0,ed,gs,hs,0.0,0.227,0.75,3,1.884,0.116,GCN
215.0,0.0,ed,gs,hs,0.0,0.227,0.75,3,1.884,0.116,GCN
464.0,0.0,ed,gs,hs,0.0,0.227,0.75,3,1.884,0.116,GCN
1000.0,0.0,ed,gs,hs,0.0,0.227,0.75,3,1.884,0.116,GCN
1.0,1.0,es,gs,hs,0.0,0.227,0.227,3,1.884,0.116,GCN
2.0,0.00852,es,gs,hs,0.0,0.227,0.227,3,1.884,0.116,GCN
4.0,4e-05,es,gs,hs,0.0,0.227,0.227,3,1.884,0.116,GCN
10.0,0.0,es,gs,hs,0.0,0.227,0.227,3,1.884,0.116,GCN
21.0,0.0,es,gs,hs,0.0,0.227,0.227,3,1.884,0.116,GCN
46.0,0.0,es,gs,hs,0.0,0.227,0.227,3,1.884,0.116,GCN
100.0,0.0,es,gs,hs,0.0,0.227,0.227,3,1.884,0.116,GCN
215.0,0.0,es,gs,hs,0.0,0.227,0.227,3,1.884,0.116,GCN
464.0,0.0,es,gs,hs,0.0,0.227,0.227,3,1.884,0.116,GCN
1000.0,0.0,es,gs,hs,0.0,0.227,0.227,3,1.884,0.116,GCN
1.0,1.0,es,gs,hs,0.5,0.227,1.0,7,1.884,0.116,GCN
2.0,0.4796,es,gs,hs,0.5,0.227,1.0,7,1.884,0.116,GCN
4.0,0.24056,es,gs,hs,0.5,0.227,1.0,7,1.884,0.116,GCN
10.0,0.0045,es,gs,hs,0.5,0.227,1.0,7,1.884,0.116,GCN
21.0,0.0,es,gs,hs,0.5,0.227,1.0,7,1.884,0.116,GCN
46.0,0.0,es,gs,hs,0.5,0.227,1.0,7,1.884,0.116,GCN
100.0,0.0,es,gs,hs,0.5,0.227,1.0,7,1.884,0.116,GCN
215.0,0.0,es,gs,hs,0.5,0.227,1.0,7,1.884,0.116,GCN
464.0,0.0,es,gs,hs,0.5,0.227,1.0,7,1.884,0.116,GCN
1000.0,0.0,es,gs,hs,0.5,0.227,1.0,7,1.884,0.116,GCN
1.0,1.0,es,gs,hs,0.0,0.227,0.75,3,1.884,0.116,GCN
2.0,0.00822,es,gs,hs,0.0,0.227,0.75,3,1.884,0.116,GCN
4.0,4e-05,es,gs,hs,0.0,0.227,0.75,3,1.884,0.116,GCN
10.0,0.0,es,gs,hs,0.0,0.227,0.75,3,1.884,0.116,GCN
21.0,0.0,es,gs,hs,0.0,0.227,0.75,3,1.884,0.116,GCN
46.0,0.0,es,gs,hs,0.0,0.227,0.75,3,1.884,0.116,GCN
100.0,0.0,es,gs,hs,0.0,0.227,0.75,3,1.884,0.116,GCN
215.0,0.0,es,gs,hs,0.0,0.227,0.75,3,1.884,0.116,GCN
464.0,0.0,es,gs,hs,0.0,0.227,0.75,3,1.884,0.116,GCN
1000.0,0.0,es,gs,hs,0.0,0.227,0.75,3,1.884,0.116,GCN
1.0,1.0,es,gs,hs,0.0,0.227,1.0,5,1.884,0.116,GCN
2.0,0.01084,es,gs,hs,0.0,0.227,1.0,5,1.884,0.116,GCN
4.0,0.0,es,gs,hs,0.0,0.227,1.0,5,1.884,0.116,GCN
10.0,0.0,es,gs,hs,0.0,0.227,1.0,5,1.884,0.116,GCN
21.0,0.0,es,gs,hs,0.0,0.227,1.0,5,1.884,0.116,GCN
46.0,0.0,es,gs,hs,0.0,0.227,1.0,5,1.884,0.116,GCN
100.0,0.0,es,gs,hs,0.0,0.227,1.0,5,1.884,0.116,GCN
215.0,0.0,es,gs,hs,0.0,0.227,1.0,5,1.884,0.116,GCN
464.0,0.0,es,gs,hs,0.0,0.227,1.0,5,1.884,0.116,GCN
1000.0,0.0,es,gs,hs,0.0,0.227,1.0,5,1.884,0.116,GCN
1.0,1.0,ed,gs,hs,0.25,0.227,0.5,7,1.884,0.116,GCN
2.0,0.49618,ed,gs,hs,0.25,0.227,0.5,7,1.884,0.116,GCN
4.0,0.25456,ed,gs,hs,0.25,0.227,0.5,7,1.884,0.116,GCN
10.0,0.0033,ed,gs,hs,0.25,0.227,0.5,7,1.884,0.116,GCN
21.0,0.00021,ed,gs,hs,0.25,0.227,0.5,7,1.884,0.116,GCN
46.0,0.0,ed,gs,hs,0.25,0.227,0.5,7,1.884,0.116,GCN
100.0,0.0,ed,gs,hs,0.25,0.227,0.5,7,1.884,0.116,GCN
215.0,0.0,ed,gs,hs,0.25,0.227,0.5,7,1.884,0.116,GCN
464.0,0.0,ed,gs,hs,0.25,0.227,0.5,7,1.884,0.116,GCN
1000.0,0.0,ed,gs,hs,0.25,0.227,0.5,7,1.884,0.116,GCN
1.0,1.0,ed,gs,hs,0.25,0.227,0.75,5,1.884,0.116,GCN
2.0,0.43568,ed,gs,hs,0.25,0.227,0.75,5,1.884,0.116,GCN
4.0,0.2256,ed,gs,hs,0.25,0.227,0.75,5,1.884,0.116,GCN
10.0,0.0035,ed,gs,hs,0.25,0.227,0.75,5,1.884,0.116,GCN
21.0,0.0,ed,gs,hs,0.25,0.227,0.75,5,1.884,0.116,GCN
46.0,0.0,ed,gs,hs,0.25,0.227,0.75,5,1.884,0.116,GCN
100.0,0.0,ed,gs,hs,0.25,0.227,0.75,5,1.884,0.116,GCN
215.0,0.0,ed,gs,hs,0.25,0.227,0.75,5,1.884,0.116,GCN
464.0,0.0,ed,gs,hs,0.25,0.227,0.75,5,1.884,0.116,GCN
1000.0,0.0,ed,gs,hs,0.25,0.227,0.75,5,1.884,0.116,GCN
1.0,1.0,es,gs,hs,1.0,0.227,0.5,3,1.884,0.116,GCN
2.0,0.65532,es,gs,hs,1.0,0.227,0.5,3,1.884,0.116,GCN
4.0,0.21592,es,gs,hs,1.0,0.227,0.5,3,1.884,0.116,GCN
10.0,0.0003,es,gs,hs,1.0,0.227,0.5,3,1.884,0.116,GCN
21.0,0.0,es,gs,hs,1.0,0.227,0.5,3,1.884,0.116,GCN
46.0,0.0,es,gs,hs,1.0,0.227,0.5,3,1.884,0.116,GCN
100.0,0.0,es,gs,hs,1.0,0.227,0.5,3,1.884,0.116,GCN
215.0,0.0,es,gs,hs,1.0,0.227,0.5,3,1.884,0.116,GCN
464.0,0.0,es,gs,hs,1.0,0.227,0.5,3,1.884,0.116,GCN
1000.0,0.0,es,gs,hs,1.0,0.227,0.5,3,1.884,0.116,GCN
1.0,1.0,es,gs,hs,0.75,0.227,0.227,3,1.884,0.116,GCN
2.0,0.57808,es,gs,hs,0.75,0.227,0.227,3,1.884,0.116,GCN
4.0,0.2898,es,gs,hs,0.75,0.227,0.227,3,1.884,0.116,GCN
10.0,0.0065,es,gs,hs,0.75,0.227,0.227,3,1.884,0.116,GCN
21.0,0.0,es,gs,hs,0.75,0.227,0.227,3,1.884,0.116,GCN
46.0,0.0,es,gs,hs,0.75,0.227,0.227,3,1.884,0.116,GCN
100.0,0.0,es,gs,hs,0.75,0.227,0.227,3,1.884,0.116,GCN
215.0,0.0,es,gs,hs,0.75,0.227,0.227,3,1.884,0.116,GCN
464.0,0.0,es,gs,hs,0.75,0.227,0.227,3,1.884,0.116,GCN
1000.0,0.0,es,gs,hs,0.75,0.227,0.227,3,1.884,0.116,GCN
1.0,1.0,es,gs,hs,0.25,0.227,0.75,5,1.884,0.116,GCN
2.0,0.21854,es,gs,hs,0.25,0.227,0.75,5,1.884,0.116,GCN
4.0,0.08348,es,gs,hs,0.25,0.227,0.75,5,1.884,0.116,GCN
10.0,0.0005,es,gs,hs,0.25,0.227,0.75,5,1.884,0.116,GCN
21.0,0.0,es,gs,hs,0.25,0.227,0.75,5,1.884,0.116,GCN
46.0,0.0,es,gs,hs,0.25,0.227,0.75,5,1.884,0.116,GCN
100.0,0.0,es,gs,hs,0.25,0.227,0.75,5,1.884,0.116,GCN
215.0,0.0,es,gs,hs,0.25,0.227,0.75,5,1.884,0.116,GCN
464.0,0.0,es,gs,hs,0.25,0.227,0.75,5,1.884,0.116,GCN
1000.0,0.0,es,gs,hs,0.25,0.227,0.75,5,1.884,0.116,GCN
1.0,1.0,es,gs,hs,0.25,0.227,0.5,5,1.884,0.116,GCN
2.0,0.22352,es,gs,hs,0.25,0.227,0.5,5,1.884,0.116,GCN
4.0,0.0816,es,gs,hs,0.25,0.227,0.5,5,1.884,0.116,GCN
10.0,0.0006,es,gs,hs,0.25,0.227,0.5,5,1.884,0.116,GCN
21.0,0.0,es,gs,hs,0.25,0.227,0.5,5,1.884,0.116,GCN
46.0,0.0,es,gs,hs,0.25,0.227,0.5,5,1.884,0.116,GCN
100.0,0.0,es,gs,hs,0.25,0.227,0.5,5,1.884,0.116,GCN
215.0,0.0,es,gs,hs,0.25,0.227,0.5,5,1.884,0.116,GCN
464.0,0.0,es,gs,hs,0.25,0.227,0.5,5,1.884,0.116,GCN
1000.0,0.0,es,gs,hs,0.25,0.227,0.5,5,1.884,0.116,GCN
1.0,1.0,ed,gs,hs,0.25,0.227,0.75,7,1.884,0.116,GCN
2.0,0.5001,ed,gs,hs,0.25,0.227,0.75,7,1.884,0.116,GCN
4.0,0.27548,ed,gs,hs,0.25,0.227,0.75,7,1.884,0.116,GCN
10.0,0.0067,ed,gs,hs,0.25,0.227,0.75,7,1.884,0.116,GCN
21.0,0.0,ed,gs,hs,0.25,0.227,0.75,7,1.884,0.116,GCN
46.0,0.0,ed,gs,hs,0.25,0.227,0.75,7,1.884,0.116,GCN
100.0,0.0,ed,gs,hs,0.25,0.227,0.75,7,1.884,0.116,GCN
215.0,0.0,ed,gs,hs,0.25,0.227,0.75,7,1.884,0.116,GCN
464.0,0.0,ed,gs,hs,0.25,0.227,0.75,7,1.884,0.116,GCN
1000.0,0.0,ed,gs,hs,0.25,0.227,0.75,7,1.884,0.116,GCN
1.0,1.0,ed,gs,hs,0.25,0.227,0.5,5,1.884,0.116,GCN
2.0,0.43336,ed,gs,hs,0.25,0.227,0.5,5,1.884,0.116,GCN
4.0,0.21128,ed,gs,hs,0.25,0.227,0.5,5,1.884,0.116,GCN
10.0,0.0036,ed,gs,hs,0.25,0.227,0.5,5,1.884,0.116,GCN
21.0,0.0,ed,gs,hs,0.25,0.227,0.5,5,1.884,0.116,GCN
46.0,0.0,ed,gs,hs,0.25,0.227,0.5,5,1.884,0.116,GCN
100.0,0.0,ed,gs,hs,0.25,0.227,0.5,5,1.884,0.116,GCN
215.0,0.0,ed,gs,hs,0.25,0.227,0.5,5,1.884,0.116,GCN
464.0,0.0,ed,gs,hs,0.25,0.227,0.5,5,1.884,0.116,GCN
1000.0,0.0,ed,gs,hs,0.25,0.227,0.5,5,1.884,0.116,GCN
1.0,1.0,ed,gs,hs,0.0,0.227,0.227,3,1.884,0.116,GCN
2.0,0.33864,ed,gs,hs,0.0,0.227,0.227,3,1.884,0.116,GCN
4.0,0.16608,ed,gs,hs,0.0,0.227,0.227,3,1.884,0.116,GCN
10.0,0.0019,ed,gs,hs,0.0,0.227,0.227,3,1.884,0.116,GCN
21.0,0.0,ed,gs,hs,0.0,0.227,0.227,3,1.884,0.116,GCN
46.0,0.0,ed,gs,hs,0.0,0.227,0.227,3,1.884,0.116,GCN
100.0,0.0,ed,gs,hs,0.0,0.227,0.227,3,1.884,0.116,GCN
215.0,0.0,ed,gs,hs,0.0,0.227,0.227,3,1.884,0.116,GCN
464.0,0.0,ed,gs,hs,0.0,0.227,0.227,3,1.884,0.116,GCN
1000.0,0.0,ed,gs,hs,0.0,0.227,0.227,3,1.884,0.116,GCN
1.0,1.0,es,gs,hs,0.0,0.227,1.0,7,1.884,0.116,GCN
2.0,0.0115,es,gs,hs,0.0,0.227,1.0,7,1.884,0.116,GCN
4.0,0.0,es,gs,hs,0.0,0.227,1.0,7,1.884,0.116,GCN
10.0,0.0,es,gs,hs,0.0,0.227,1.0,7,1.884,0.116,GCN
21.0,0.0,es,gs,hs,0.0,0.227,1.0,7,1.884,0.116,GCN
46.0,0.0,es,gs,hs,0.0,0.227,1.0,7,1.884,0.116,GCN
100.0,0.0,es,gs,hs,0.0,0.227,1.0,7,1.884,0.116,GCN
215.0,0.0,es,gs,hs,0.0,0.227,1.0,7,1.884,0.116,GCN
464.0,0.0,es,gs,hs,0.0,0.227,1.0,7,1.884,0.116,GCN
1000.0,0.0,es,gs,hs,0.0,0.227,1.0,7,1.884,0.116,GCN
1.0,1.0,es,gs,hs,0.5,0.227,1.0,5,1.884,0.116,GCN
2.0,0.40934,es,gs,hs,0.5,0.227,1.0,5,1.884,0.116,GCN
4.0,0.1876,es,gs,hs,0.5,0.227,1.0,5,1.884,0.116,GCN
10.0,0.0027,es,gs,hs,0.5,0.227,1.0,5,1.884,0.116,GCN
21.0,0.0,es,gs,hs,0.5,0.227,1.0,5,1.884,0.116,GCN
46.0,0.0,es,gs,hs,0.5,0.227,1.0,5,1.884,0.116,GCN
100.0,0.0,es,gs,hs,0.5,0.227,1.0,5,1.884,0.116,GCN
215.0,0.0,es,gs,hs,0.5,0.227,1.0,5,1.884,0.116,GCN
464.0,0.0,es,gs,hs,0.5,0.227,1.0,5,1.884,0.116,GCN
1000.0,0.0,es,gs,hs,0.5,0.227,1.0,5,1.884,0.116,GCN
1.0,1.0,ed,gs,hs,0.25,0.227,0.5,3,1.884,0.116,GCN
2.0,0.33824,ed,gs,hs,0.25,0.227,0.5,3,1.884,0.116,GCN
4.0,0.1494,ed,gs,hs,0.25,0.227,0.5,3,1.884,0.116,GCN
10.0,0.0017,ed,gs,hs,0.25,0.227,0.5,3,1.884,0.116,GCN
21.0,0.0,ed,gs,hs,0.25,0.227,0.5,3,1.884,0.116,GCN
46.0,0.0,ed,gs,hs,0.25,0.227,0.5,3,1.884,0.116,GCN
100.0,0.0,ed,gs,hs,0.25,0.227,0.5,3,1.884,0.116,GCN
215.0,0.0,ed,gs,hs,0.25,0.227,0.5,3,1.884,0.116,GCN
464.0,0.0,ed,gs,hs,0.25,0.227,0.5,3,1.884,0.116,GCN
1000.0,0.0,ed,gs,hs,0.25,0.227,0.5,3,1.884,0.116,GCN
1.0,1.0,es,gs,hs,1.0,0.227,0.5,7,1.884,0.116,GCN
2.0,0.95906,es,gs,hs,1.0,0.227,0.5,7,1.884,0.116,GCN
4.0,0.40272,es,gs,hs,1.0,0.227,0.5,7,1.884,0.116,GCN
10.0,0.0346,es,gs,hs,1.0,0.227,0.5,7,1.884,0.116,GCN
21.0,0.00042,es,gs,hs,1.0,0.227,0.5,7,1.884,0.116,GCN
46.0,0.0,es,gs,hs,1.0,0.227,0.5,7,1.884,0.116,GCN
100.0,0.0,es,gs,hs,1.0,0.227,0.5,7,1.884,0.116,GCN
215.0,0.0,es,gs,hs,1.0,0.227,0.5,7,1.884,0.116,GCN
464.0,0.0,es,gs,hs,1.0,0.227,0.5,7,1.884,0.116,GCN
1000.0,0.0,es,gs,hs,1.0,0.227,0.5,7,1.884,0.116,GCN
1.0,1.0,es,gs,hs,0.5,0.227,1.0,3,1.884,0.116,GCN
2.0,0.30296,es,gs,hs,0.5,0.227,1.0,3,1.884,0.116,GCN
4.0,0.121,es,gs,hs,0.5,0.227,1.0,3,1.884,0.116,GCN
10.0,0.0009,es,gs,hs,0.5,0.227,1.0,3,1.884,0.116,GCN
21.0,0.0,es,gs,hs,0.5,0.227,1.0,3,1.884,0.116,GCN
46.0,0.0,es,gs,hs,0.5,0.227,1.0,3,1.884,0.116,GCN
100.0,0.0,es,gs,hs,0.5,0.227,1.0,3,1.884,0.116,GCN
215.0,0.0,es,gs,hs,0.5,0.227,1.0,3,1.884,0.116,GCN
464.0,0.0,es,gs,hs,0.5,0.227,1.0,3,1.884,0.116,GCN
1000.0,0.0,es,gs,hs,0.5,0.227,1.0,3,1.884,0.116,GCN
1.0,1.0,ed,gs,hs,0.0,0.227,0.227,5,1.884,0.116,GCN
2.0,0.43306,ed,gs,hs,0.0,0.227,0.227,5,1.884,0.116,GCN
4.0,0.21896,ed,gs,hs,0.0,0.227,0.227,5,1.884,0.116,GCN
10.0,0.0049,ed,gs,hs,0.0,0.227,0.227,5,1.884,0.116,GCN
21.0,0.0,ed,gs,hs,0.0,0.227,0.227,5,1.884,0.116,GCN
46.0,0.0,ed,gs,hs,0.0,0.227,0.227,5,1.884,0.116,GCN
100.0,0.0,ed,gs,hs,0.0,0.227,0.227,5,1.884,0.116,GCN
215.0,0.0,ed,gs,hs,0.0,0.227,0.227,5,1.884,0.116,GCN
464.0,0.0,ed,gs,hs,0.0,0.227,0.227,5,1.884,0.116,GCN
1000.0,0.0,ed,gs,hs,0.0,0.227,0.227,5,1.884,0.116,GCN
1.0,1.0,es,gs,hs,0.0,0.227,0.75,7,1.884,0.116,GCN
2.0,0.01166,es,gs,hs,0.0,0.227,0.75,7,1.884,0.116,GCN
4.0,4e-05,es,gs,hs,0.0,0.227,0.75,7,1.884,0.116,GCN
10.0,0.0,es,gs,hs,0.0,0.227,0.75,7,1.884,0.116,GCN
21.0,0.0,es,gs,hs,0.0,0.227,0.75,7,1.884,0.116,GCN
46.0,0.0,es,gs,hs,0.0,0.227,0.75,7,1.884,0.116,GCN
100.0,0.0,es,gs,hs,0.0,0.227,0.75,7,1.884,0.116,GCN
215.0,0.0,es,gs,hs,0.0,0.227,0.75,7,1.884,0.116,GCN
464.0,0.0,es,gs,hs,0.0,0.227,0.75,7,1.884,0.116,GCN
1000.0,0.0,es,gs,hs,0.0,0.227,0.75,7,1.884,0.116,GCN
1.0,1.0,es,gs,hs,0.75,0.227,0.227,5,1.884,0.116,GCN
2.0,0.73794,es,gs,hs,0.75,0.227,0.227,5,1.884,0.116,GCN
4.0,0.40208,es,gs,hs,0.75,0.227,0.227,5,1.884,0.116,GCN
10.0,0.0098999999999999,es,gs,hs,0.75,0.227,0.227,5,1.884,0.116,GCN
21.0,0.0,es,gs,hs,0.75,0.227,0.227,5,1.884,0.116,GCN
46.0,0.0,es,gs,hs,0.75,0.227,0.227,5,1.884,0.116,GCN
100.0,0.0,es,gs,hs,0.75,0.227,0.227,5,1.884,0.116,GCN
215.0,0.0,es,gs,hs,0.75,0.227,0.227,5,1.884,0.116,GCN
464.0,0.0,es,gs,hs,0.75,0.227,0.227,5,1.884,0.116,GCN
1000.0,0.0,es,gs,hs,0.75,0.227,0.227,5,1.884,0.116,GCN
1.0,1.0,ed,gs,hs,0.0,0.227,0.75,7,1.884,0.116,GCN
2.0,0.4899,ed,gs,hs,0.0,0.227,0.75,7,1.884,0.116,GCN
4.0,0.27904,ed,gs,hs,0.0,0.227,0.75,7,1.884,0.116,GCN
10.0,0.0067,ed,gs,hs,0.0,0.227,0.75,7,1.884,0.116,GCN
21.0,0.0,ed,gs,hs,0.0,0.227,0.75,7,1.884,0.116,GCN
46.0,0.0,ed,gs,hs,0.0,0.227,0.75,7,1.884,0.116,GCN
100.0,0.0,ed,gs,hs,0.0,0.227,0.75,7,1.884,0.116,GCN
215.0,0.0,ed,gs,hs,0.0,0.227,0.75,7,1.884,0.116,GCN
464.0,0.0,ed,gs,hs,0.0,0.227,0.75,7,1.884,0.116,GCN
1000.0,0.0,ed,gs,hs,0.0,0.227,0.75,7,1.884,0.116,GCN
1.0,1.0,es,gs,hs,0.0,0.227,0.227,7,1.884,0.116,GCN
2.0,0.01178,es,gs,hs,0.0,0.227,0.227,7,1.884,0.116,GCN
4.0,4e-05,es,gs,hs,0.0,0.227,0.227,7,1.884,0.116,GCN
10.0,0.0,es,gs,hs,0.0,0.227,0.227,7,1.884,0.116,GCN
21.0,0.0,es,gs,hs,0.0,0.227,0.227,7,1.884,0.116,GCN
46.0,0.0,es,gs,hs,0.0,0.227,0.227,7,1.884,0.116,GCN
100.0,0.0,es,gs,hs,0.0,0.227,0.227,7,1.884,0.116,GCN
215.0,0.0,es,gs,hs,0.0,0.227,0.227,7,1.884,0.116,GCN
464.0,0.0,es,gs,hs,0.0,0.227,0.227,7,1.884,0.116,GCN
1000.0,0.0,es,gs,hs,0.0,0.227,0.227,7,1.884,0.116,GCN
1.0,1.0,ed,gs,hs,0.75,0.227,0.227,7,1.884,0.116,GCN
2.0,0.5715,ed,gs,hs,0.75,0.227,0.227,7,1.884,0.116,GCN
4.0,0.29624,ed,gs,hs,0.75,0.227,0.227,7,1.884,0.116,GCN
10.0,0.0048,ed,gs,hs,0.75,0.227,0.227,7,1.884,0.116,GCN
21.0,0.0,ed,gs,hs,0.75,0.227,0.227,7,1.884,0.116,GCN
46.0,0.0,ed,gs,hs,0.75,0.227,0.227,7,1.884,0.116,GCN
100.0,0.0,ed,gs,hs,0.75,0.227,0.227,7,1.884,0.116,GCN
215.0,0.0,ed,gs,hs,0.75,0.227,0.227,7,1.884,0.116,GCN
464.0,0.0,ed,gs,hs,0.75,0.227,0.227,7,1.884,0.116,GCN
1000.0,0.0,ed,gs,hs,0.75,0.227,0.227,7,1.884,0.116,GCN
1.0,1.0,es,gs,hs,0.25,0.227,0.5,3,1.884,0.116,GCN
2.0,0.17138,es,gs,hs,0.25,0.227,0.5,3,1.884,0.116,GCN
4.0,0.0582,es,gs,hs,0.25,0.227,0.5,3,1.884,0.116,GCN
10.0,0.0,es,gs,hs,0.25,0.227,0.5,3,1.884,0.116,GCN
21.0,0.0,es,gs,hs,0.25,0.227,0.5,3,1.884,0.116,GCN
46.0,0.0,es,gs,hs,0.25,0.227,0.5,3,1.884,0.116,GCN
100.0,0.0,es,gs,hs,0.25,0.227,0.5,3,1.884,0.116,GCN
215.0,0.0,es,gs,hs,0.25,0.227,0.5,3,1.884,0.116,GCN
464.0,0.0,es,gs,hs,0.25,0.227,0.5,3,1.884,0.116,GCN
1000.0,0.0,es,gs,hs,0.25,0.227,0.5,3,1.884,0.116,GCN
1.0,1.0,es,gs,hs,0.25,0.227,0.75,3,1.884,0.116,GCN
2.0,0.166,es,gs,hs,0.25,0.227,0.75,3,1.884,0.116,GCN
4.0,0.0546,es,gs,hs,0.25,0.227,0.75,3,1.884,0.116,GCN
10.0,0.0001,es,gs,hs,0.25,0.227,0.75,3,1.884,0.116,GCN
21.0,0.0,es,gs,hs,0.25,0.227,0.75,3,1.884,0.116,GCN
46.0,0.0,es,gs,hs,0.25,0.227,0.75,3,1.884,0.116,GCN
100.0,0.0,es,gs,hs,0.25,0.227,0.75,3,1.884,0.116,GCN
215.0,0.0,es,gs,hs,0.25,0.227,0.75,3,1.884,0.116,GCN
464.0,0.0,es,gs,hs,0.25,0.227,0.75,3,1.884,0.116,GCN
1000.0,0.0,es,gs,hs,0.25,0.227,0.75,3,1.884,0.116,GCN
1.0,1.0,es,gs,hs,0.0,0.227,1.0,3,1.884,0.116,GCN
2.0,0.00808,es,gs,hs,0.0,0.227,1.0,3,1.884,0.116,GCN
4.0,4e-05,es,gs,hs,0.0,0.227,1.0,3,1.884,0.116,GCN
10.0,0.0,es,gs,hs,0.0,0.227,1.0,3,1.884,0.116,GCN
21.0,0.0,es,gs,hs,0.0,0.227,1.0,3,1.884,0.116,GCN
46.0,0.0,es,gs,hs,0.0,0.227,1.0,3,1.884,0.116,GCN
100.0,0.0,es,gs,hs,0.0,0.227,1.0,3,1.884,0.116,GCN
215.0,0.0,es,gs,hs,0.0,0.227,1.0,3,1.884,0.116,GCN
464.0,0.0,es,gs,hs,0.0,0.227,1.0,3,1.884,0.116,GCN
1000.0,0.0,es,gs,hs,0.0,0.227,1.0,3,1.884,0.116,GCN
1.0,1.0,ed,gs,hs,0.0,0.227,0.227,7,1.884,0.116,GCN
2.0,0.48246,ed,gs,hs,0.0,0.227,0.227,7,1.884,0.116,GCN
4.0,0.26484,ed,gs,hs,0.0,0.227,0.227,7,1.884,0.116,GCN
10.0,0.0035,ed,gs,hs,0.0,0.227,0.227,7,1.884,0.116,GCN
21.0,0.0,ed,gs,hs,0.0,0.227,0.227,7,1.884,0.116,GCN
46.0,0.0,ed,gs,hs,0.0,0.227,0.227,7,1.884,0.116,GCN
100.0,0.0,ed,gs,hs,0.0,0.227,0.227,7,1.884,0.116,GCN
215.0,0.0,ed,gs,hs,0.0,0.227,0.227,7,1.884,0.116,GCN
464.0,0.0,ed,gs,hs,0.0,0.227,0.227,7,1.884,0.116,GCN
1000.0,0.0,ed,gs,hs,0.0,0.227,0.227,7,1.884,0.116,GCN
1.0,1.0,es,gs,hs,0.0,0.227,0.75,5,1.884,0.116,GCN
2.0,0.01002,es,gs,hs,0.0,0.227,0.75,5,1.884,0.116,GCN
4.0,4e-05,es,gs,hs,0.0,0.227,0.75,5,1.884,0.116,GCN
10.0,0.0,es,gs,hs,0.0,0.227,0.75,5,1.884,0.116,GCN
21.0,0.0,es,gs,hs,0.0,0.227,0.75,5,1.884,0.116,GCN
46.0,0.0,es,gs,hs,0.0,0.227,0.75,5,1.884,0.116,GCN
100.0,0.0,es,gs,hs,0.0,0.227,0.75,5,1.884,0.116,GCN
215.0,0.0,es,gs,hs,0.0,0.227,0.75,5,1.884,0.116,GCN
464.0,0.0,es,gs,hs,0.0,0.227,0.75,5,1.884,0.116,GCN
1000.0,0.0,es,gs,hs,0.0,0.227,0.75,5,1.884,0.116,GCN
1.0,1.0,es,gs,hs,1.0,0.227,0.5,5,1.884,0.116,GCN
2.0,0.83818,es,gs,hs,1.0,0.227,0.5,5,1.884,0.116,GCN
4.0,0.28528,es,gs,hs,1.0,0.227,0.5,5,1.884,0.116,GCN
10.0,0.0064,es,gs,hs,1.0,0.227,0.5,5,1.884,0.116,GCN
21.0,0.0,es,gs,hs,1.0,0.227,0.5,5,1.884,0.116,GCN
46.0,0.0,es,gs,hs,1.0,0.227,0.5,5,1.884,0.116,GCN
100.0,0.0,es,gs,hs,1.0,0.227,0.5,5,1.884,0.116,GCN
215.0,0.0,es,gs,hs,1.0,0.227,0.5,5,1.884,0.116,GCN
464.0,0.0,es,gs,hs,1.0,0.227,0.5,5,1.884,0.116,GCN
1000.0,0.0,es,gs,hs,1.0,0.227,0.5,5,1.884,0.116,GCN
1.0,1.0,ed,gs,hs,0.25,0.227,0.75,3,1.884,0.116,GCN
2.0,0.33336,ed,gs,hs,0.25,0.227,0.75,3,1.884,0.116,GCN
4.0,0.15728,ed,gs,hs,0.25,0.227,0.75,3,1.884,0.116,GCN
10.0,0.0027,ed,gs,hs,0.25,0.227,0.75,3,1.884,0.116,GCN
21.0,0.0,ed,gs,hs,0.25,0.227,0.75,3,1.884,0.116,GCN
46.0,0.0,ed,gs,hs,0.25,0.227,0.75,3,1.884,0.116,GCN
100.0,0.0,ed,gs,hs,0.25,0.227,0.75,3,1.884,0.116,GCN
215.0,0.0,ed,gs,hs,0.25,0.227,0.75,3,1.884,0.116,GCN
464.0,0.0,ed,gs,hs,0.25,0.227,0.75,3,1.884,0.116,GCN
1000.0,0.0,ed,gs,hs,0.25,0.227,0.75,3,1.884,0.116,GCN
1.0,1.0,ed,gs,hs,0.75,0.227,0.227,5,1.884,0.116,GCN
2.0,0.50102,ed,gs,hs,0.75,0.227,0.227,5,1.884,0.116,GCN
4.0,0.2536,ed,gs,hs,0.75,0.227,0.227,5,1.884,0.116,GCN
10.0,0.0029,ed,gs,hs,0.75,0.227,0.227,5,1.884,0.116,GCN
21.0,0.0,ed,gs,hs,0.75,0.227,0.227,5,1.884,0.116,GCN
46.0,0.0,ed,gs,hs,0.75,0.227,0.227,5,1.884,0.116,GCN
100.0,0.0,ed,gs,hs,0.75,0.227,0.227,5,1.884,0.116,GCN
215.0,0.0,ed,gs,hs,0.75,0.227,0.227,5,1.884,0.116,GCN
464.0,0.0,ed,gs,hs,0.75,0.227,0.227,5,1.884,0.116,GCN
1000.0,0.0,ed,gs,hs,0.75,0.227,0.227,5,1.884,0.116,GCN
1.0,1.0,es,gs,hs,0.0,0.227,0.227,5,1.884,0.116,GCN
2.0,0.00994,es,gs,hs,0.0,0.227,0.227,5,1.884,0.116,GCN
4.0,4e-05,es,gs,hs,0.0,0.227,0.227,5,1.884,0.116,GCN
10.0,0.0,es,gs,hs,0.0,0.227,0.227,5,1.884,0.116,GCN
21.0,0.0,es,gs,hs,0.0,0.227,0.227,5,1.884,0.116,GCN
46.0,0.0,es,gs,hs,0.0,0.227,0.227,5,1.884,0.116,GCN
100.0,0.0,es,gs,hs,0.0,0.227,0.227,5,1.884,0.116,GCN
215.0,0.0,es,gs,hs,0.0,0.227,0.227,5,1.884,0.116,GCN
464.0,0.0,es,gs,hs,0.0,0.227,0.227,5,1.884,0.116,GCN
1000.0,0.0,es,gs,hs,0.0,0.227,0.227,5,1.884,0.116,GCN
1.0,1.0,es,gs,hs,0.75,0.227,0.227,7,1.884,0.116,GCN
2.0,0.845,es,gs,hs,0.75,0.227,0.227,7,1.884,0.116,GCN
4.0,0.49792,es,gs,hs,0.75,0.227,0.227,7,1.884,0.116,GCN
10.0,0.0133,es,gs,hs,0.75,0.227,0.227,7,1.884,0.116,GCN
21.0,0.02226,es,gs,hs,0.75,0.227,0.227,7,1.884,0.116,GCN
46.0,0.08188,es,gs,hs,0.75,0.227,0.227,7,1.884,0.116,GCN
100.0,0.1949999999999999,es,gs,hs,0.75,0.227,0.227,7,1.884,0.116,GCN
215.0,0.2838,es,gs,hs,0.75,0.227,0.227,7,1.884,0.116,GCN
464.0,0.38048,es,gs,hs,0.75,0.227,0.227,7,1.884,0.116,GCN
1000.0,0.36,es,gs,hs,0.75,0.227,0.227,7,1.884,0.116,GCN
1.0,1.0,ed,gs,hs,0.0,0.227,0.75,5,1.884,0.116,GCN
2.0,0.4277,ed,gs,hs,0.0,0.227,0.75,5,1.884,0.116,GCN
4.0,0.22612,ed,gs,hs,0.0,0.227,0.75,5,1.884,0.116,GCN
10.0,0.0048,ed,gs,hs,0.0,0.227,0.75,5,1.884,0.116,GCN
21.0,0.0,ed,gs,hs,0.0,0.227,0.75,5,1.884,0.116,GCN
46.0,0.0,ed,gs,hs,0.0,0.227,0.75,5,1.884,0.116,GCN
100.0,0.0,ed,gs,hs,0.0,0.227,0.75,5,1.884,0.116,GCN
215.0,0.0,ed,gs,hs,0.0,0.227,0.75,5,1.884,0.116,GCN
464.0,0.0,ed,gs,hs,0.0,0.227,0.75,5,1.884,0.116,GCN
1000.0,0.0,ed,gs,hs,0.0,0.227,0.75,5,1.884,0.116,GCN
1.0,1.0,ed,gs,hs,0.25,0.227,0.227,5,1.884,0.116,GCN
2.0,0.45884,ed,gs,hs,0.25,0.227,0.227,5,1.884,0.116,GCN
4.0,0.22924,ed,gs,hs,0.25,0.227,0.227,5,1.884,0.116,GCN
10.0,0.004,ed,gs,hs,0.25,0.227,0.227,5,1.884,0.116,GCN
21.0,0.0,ed,gs,hs,0.25,0.227,0.227,5,1.884,0.116,GCN
46.0,0.0,ed,gs,hs,0.25,0.227,0.227,5,1.884,0.116,GCN
100.0,0.0,ed,gs,hs,0.25,0.227,0.227,5,1.884,0.116,GCN
215.0,0.0,ed,gs,hs,0.25,0.227,0.227,5,1.884,0.116,GCN
464.0,0.0,ed,gs,hs,0.25,0.227,0.227,5,1.884,0.116,GCN
1000.0,0.0,ed,gs,hs,0.25,0.227,0.227,5,1.884,0.116,GCN
1.0,1.0,ed,gs,hs,1.0,0.227,0.5,7,1.884,0.116,GCN
2.0,0.55204,ed,gs,hs,1.0,0.227,0.5,7,1.884,0.116,GCN
4.0,0.26096,ed,gs,hs,1.0,0.227,0.5,7,1.884,0.116,GCN
10.0,0.0036,ed,gs,hs,1.0,0.227,0.5,7,1.884,0.116,GCN
21.0,0.0,ed,gs,hs,1.0,0.227,0.5,7,1.884,0.116,GCN
46.0,0.0,ed,gs,hs,1.0,0.227,0.5,7,1.884,0.116,GCN
100.0,0.0,ed,gs,hs,1.0,0.227,0.5,7,1.884,0.116,GCN
215.0,0.0,ed,gs,hs,1.0,0.227,0.5,7,1.884,0.116,GCN
464.0,0.0,ed,gs,hs,1.0,0.227,0.5,7,1.884,0.116,GCN
1000.0,0.0,ed,gs,hs,1.0,0.227,0.5,7,1.884,0.116,GCN
1.0,1.0,es,gs,hs,0.75,0.227,1.0,5,1.884,0.116,GCN
2.0,0.56964,es,gs,hs,0.75,0.227,1.0,5,1.884,0.116,GCN
4.0,0.28724,es,gs,hs,0.75,0.227,1.0,5,1.884,0.116,GCN
10.0,0.0114,es,gs,hs,0.75,0.227,1.0,5,1.884,0.116,GCN
21.0,0.0,es,gs,hs,0.75,0.227,1.0,5,1.884,0.116,GCN
46.0,0.0,es,gs,hs,0.75,0.227,1.0,5,1.884,0.116,GCN
100.0,0.0,es,gs,hs,0.75,0.227,1.0,5,1.884,0.116,GCN
215.0,0.0,es,gs,hs,0.75,0.227,1.0,5,1.884,0.116,GCN
464.0,0.0,es,gs,hs,0.75,0.227,1.0,5,1.884,0.116,GCN
1000.0,0.0,es,gs,hs,0.75,0.227,1.0,5,1.884,0.116,GCN
1.0,1.0,ed,gs,hs,0.5,0.227,1.0,3,1.884,0.116,GCN
2.0,0.34048,ed,gs,hs,0.5,0.227,1.0,3,1.884,0.116,GCN
4.0,0.16388,ed,gs,hs,0.5,0.227,1.0,3,1.884,0.116,GCN
10.0,0.0036,ed,gs,hs,0.5,0.227,1.0,3,1.884,0.116,GCN
21.0,0.0,ed,gs,hs,0.5,0.227,1.0,3,1.884,0.116,GCN
46.0,0.0,ed,gs,hs,0.5,0.227,1.0,3,1.884,0.116,GCN
100.0,0.0,ed,gs,hs,0.5,0.227,1.0,3,1.884,0.116,GCN
215.0,0.0,ed,gs,hs,0.5,0.227,1.0,3,1.884,0.116,GCN
464.0,0.0,ed,gs,hs,0.5,0.227,1.0,3,1.884,0.116,GCN
1000.0,0.0,ed,gs,hs,0.5,0.227,1.0,3,1.884,0.116,GCN
1.0,1.0,es,gs,hs,0.25,0.227,0.227,7,1.884,0.116,GCN
2.0,0.27002,es,gs,hs,0.25,0.227,0.227,7,1.884,0.116,GCN
4.0,0.11152,es,gs,hs,0.25,0.227,0.227,7,1.884,0.116,GCN
10.0,0.0008,es,gs,hs,0.25,0.227,0.227,7,1.884,0.116,GCN
21.0,0.0,es,gs,hs,0.25,0.227,0.227,7,1.884,0.116,GCN
46.0,0.0,es,gs,hs,0.25,0.227,0.227,7,1.884,0.116,GCN
100.0,0.0,es,gs,hs,0.25,0.227,0.227,7,1.884,0.116,GCN
215.0,0.0,es,gs,hs,0.25,0.227,0.227,7,1.884,0.116,GCN
464.0,0.0,es,gs,hs,0.25,0.227,0.227,7,1.884,0.116,GCN
1000.0,0.0,es,gs,hs,0.25,0.227,0.227,7,1.884,0.116,GCN
1.0,1.0,ed,gs,hs,0.75,0.227,1.0,5,1.884,0.116,GCN
2.0,0.44388,ed,gs,hs,0.75,0.227,1.0,5,1.884,0.116,GCN
4.0,0.22968,ed,gs,hs,0.75,0.227,1.0,5,1.884,0.116,GCN
10.0,0.0053,ed,gs,hs,0.75,0.227,1.0,5,1.884,0.116,GCN
21.0,0.0,ed,gs,hs,0.75,0.227,1.0,5,1.884,0.116,GCN
46.0,0.0,ed,gs,hs,0.75,0.227,1.0,5,1.884,0.116,GCN
100.0,0.0,ed,gs,hs,0.75,0.227,1.0,5,1.884,0.116,GCN
215.0,0.0,ed,gs,hs,0.75,0.227,1.0,5,1.884,0.116,GCN
464.0,0.0,ed,gs,hs,0.75,0.227,1.0,5,1.884,0.116,GCN
1000.0,0.0,ed,gs,hs,0.75,0.227,1.0,5,1.884,0.116,GCN
1.0,1.0,ed,gs,hs,0.0,0.227,1.0,3,1.884,0.116,GCN
2.0,0.35614,ed,gs,hs,0.0,0.227,1.0,3,1.884,0.116,GCN
4.0,0.19312,ed,gs,hs,0.0,0.227,1.0,3,1.884,0.116,GCN
10.0,0.0031,ed,gs,hs,0.0,0.227,1.0,3,1.884,0.116,GCN
21.0,0.0,ed,gs,hs,0.0,0.227,1.0,3,1.884,0.116,GCN
46.0,0.0,ed,gs,hs,0.0,0.227,1.0,3,1.884,0.116,GCN
100.0,0.0,ed,gs,hs,0.0,0.227,1.0,3,1.884,0.116,GCN
215.0,0.0,ed,gs,hs,0.0,0.227,1.0,3,1.884,0.116,GCN
464.0,0.0,ed,gs,hs,0.0,0.227,1.0,3,1.884,0.116,GCN
1000.0,0.0,ed,gs,hs,0.0,0.227,1.0,3,1.884,0.116,GCN
1.0,1.0,es,gs,hs,0.25,0.227,0.227,5,1.884,0.116,GCN
2.0,0.23456,es,gs,hs,0.25,0.227,0.227,5,1.884,0.116,GCN
4.0,0.09324,es,gs,hs,0.25,0.227,0.227,5,1.884,0.116,GCN
10.0,0.0002,es,gs,hs,0.25,0.227,0.227,5,1.884,0.116,GCN
21.0,0.0,es,gs,hs,0.25,0.227,0.227,5,1.884,0.116,GCN
46.0,0.0,es,gs,hs,0.25,0.227,0.227,5,1.884,0.116,GCN
100.0,0.0,es,gs,hs,0.25,0.227,0.227,5,1.884,0.116,GCN
215.0,0.0,es,gs,hs,0.25,0.227,0.227,5,1.884,0.116,GCN
464.0,0.0,es,gs,hs,0.25,0.227,0.227,5,1.884,0.116,GCN
1000.0,0.0,es,gs,hs,0.25,0.227,0.227,5,1.884,0.116,GCN
1.0,1.0,ed,gs,hs,1.0,0.227,0.5,5,1.884,0.116,GCN
2.0,0.47878,ed,gs,hs,1.0,0.227,0.5,5,1.884,0.116,GCN
4.0,0.21752,ed,gs,hs,1.0,0.227,0.5,5,1.884,0.116,GCN
10.0,0.0031,ed,gs,hs,1.0,0.227,0.5,5,1.884,0.116,GCN
21.0,0.0,ed,gs,hs,1.0,0.227,0.5,5,1.884,0.116,GCN
46.0,0.0,ed,gs,hs,1.0,0.227,0.5,5,1.884,0.116,GCN
100.0,0.0,ed,gs,hs,1.0,0.227,0.5,5,1.884,0.116,GCN
215.0,0.0,ed,gs,hs,1.0,0.227,0.5,5,1.884,0.116,GCN
464.0,0.0,ed,gs,hs,1.0,0.227,0.5,5,1.884,0.116,GCN
1000.0,0.0,ed,gs,hs,1.0,0.227,0.5,5,1.884,0.116,GCN
1.0,1.0,es,gs,hs,0.75,0.227,1.0,7,1.884,0.116,GCN
2.0,0.6806,es,gs,hs,0.75,0.227,1.0,7,1.884,0.116,GCN
4.0,0.39608,es,gs,hs,0.75,0.227,1.0,7,1.884,0.116,GCN
10.0,0.0199,es,gs,hs,0.75,0.227,1.0,7,1.884,0.116,GCN
21.0,0.0506099999999999,es,gs,hs,0.75,0.227,1.0,7,1.884,0.116,GCN
46.0,0.36984,es,gs,hs,0.75,0.227,1.0,7,1.884,0.116,GCN
100.0,1.5779999999999998,es,gs,hs,0.75,0.227,1.0,7,1.884,0.116,GCN
215.0,4.95575,es,gs,hs,0.75,0.227,1.0,7,1.884,0.116,GCN
464.0,13.44672,es,gs,hs,0.75,0.227,1.0,7,1.884,0.116,GCN
1000.0,32.550000000000004,es,gs,hs,0.75,0.227,1.0,7,1.884,0.116,GCN
1.0,1.0,ed,gs,hs,0.25,0.227,0.227,7,1.884,0.116,GCN
2.0,0.51698,ed,gs,hs,0.25,0.227,0.227,7,1.884,0.116,GCN
4.0,0.27464,ed,gs,hs,0.25,0.227,0.227,7,1.884,0.116,GCN
10.0,0.0045,ed,gs,hs,0.25,0.227,0.227,7,1.884,0.116,GCN
21.0,0.0,ed,gs,hs,0.25,0.227,0.227,7,1.884,0.116,GCN
46.0,0.0,ed,gs,hs,0.25,0.227,0.227,7,1.884,0.116,GCN
100.0,0.0,ed,gs,hs,0.25,0.227,0.227,7,1.884,0.116,GCN
215.0,0.0,ed,gs,hs,0.25,0.227,0.227,7,1.884,0.116,GCN
464.0,0.0,ed,gs,hs,0.25,0.227,0.227,7,1.884,0.116,GCN
1000.0,0.0,ed,gs,hs,0.25,0.227,0.227,7,1.884,0.116,GCN
1.0,1.0,ed,gs,hs,0.75,0.227,1.0,7,1.884,0.116,GCN
2.0,0.5218,ed,gs,hs,0.75,0.227,1.0,7,1.884,0.116,GCN
4.0,0.29096,ed,gs,hs,0.75,0.227,1.0,7,1.884,0.116,GCN
10.0,0.0072999999999999,ed,gs,hs,0.75,0.227,1.0,7,1.884,0.116,GCN
21.0,0.0,ed,gs,hs,0.75,0.227,1.0,7,1.884,0.116,GCN
46.0,0.0,ed,gs,hs,0.75,0.227,1.0,7,1.884,0.116,GCN
100.0,0.0,ed,gs,hs,0.75,0.227,1.0,7,1.884,0.116,GCN
215.0,0.0,ed,gs,hs,0.75,0.227,1.0,7,1.884,0.116,GCN
464.0,0.0,ed,gs,hs,0.75,0.227,1.0,7,1.884,0.116,GCN
1000.0,0.0,ed,gs,hs,0.75,0.227,1.0,7,1.884,0.116,GCN
1.0,1.0,es,gs,hs,0.25,0.227,0.227,3,1.884,0.116,GCN
2.0,0.18686,es,gs,hs,0.25,0.227,0.227,3,1.884,0.116,GCN
4.0,0.07008,es,gs,hs,0.25,0.227,0.227,3,1.884,0.116,GCN
10.0,0.0003,es,gs,hs,0.25,0.227,0.227,3,1.884,0.116,GCN
21.0,0.0,es,gs,hs,0.25,0.227,0.227,3,1.884,0.116,GCN
46.0,0.0,es,gs,hs,0.25,0.227,0.227,3,1.884,0.116,GCN
100.0,0.0,es,gs,hs,0.25,0.227,0.227,3,1.884,0.116,GCN
215.0,0.0,es,gs,hs,0.25,0.227,0.227,3,1.884,0.116,GCN
464.0,0.0,es,gs,hs,0.25,0.227,0.227,3,1.884,0.116,GCN
1000.0,0.0,es,gs,hs,0.25,0.227,0.227,3,1.884,0.116,GCN
1.0,1.0,ed,gs,hs,0.5,0.227,1.0,7,1.884,0.116,GCN
2.0,0.51818,ed,gs,hs,0.5,0.227,1.0,7,1.884,0.116,GCN
4.0,0.29684,ed,gs,hs,0.5,0.227,1.0,7,1.884,0.116,GCN
10.0,0.0053,ed,gs,hs,0.5,0.227,1.0,7,1.884,0.116,GCN
21.0,0.0,ed,gs,hs,0.5,0.227,1.0,7,1.884,0.116,GCN
46.0,0.0,ed,gs,hs,0.5,0.227,1.0,7,1.884,0.116,GCN
100.0,0.0,ed,gs,hs,0.5,0.227,1.0,7,1.884,0.116,GCN
215.0,0.0,ed,gs,hs,0.5,0.227,1.0,7,1.884,0.116,GCN
464.0,0.0,ed,gs,hs,0.5,0.227,1.0,7,1.884,0.116,GCN
1000.0,0.0,ed,gs,hs,0.5,0.227,1.0,7,1.884,0.116,GCN
1.0,1.0,ed,gs,hs,0.0,0.227,1.0,5,1.884,0.116,GCN
2.0,0.45692,ed,gs,hs,0.0,0.227,1.0,5,1.884,0.116,GCN
4.0,0.25952,ed,gs,hs,0.0,0.227,1.0,5,1.884,0.116,GCN
10.0,0.0047,ed,gs,hs,0.0,0.227,1.0,5,1.884,0.116,GCN
21.0,0.0,ed,gs,hs,0.0,0.227,1.0,5,1.884,0.116,GCN
46.0,0.0,ed,gs,hs,0.0,0.227,1.0,5,1.884,0.116,GCN
100.0,0.0,ed,gs,hs,0.0,0.227,1.0,5,1.884,0.116,GCN
215.0,0.0,ed,gs,hs,0.0,0.227,1.0,5,1.884,0.116,GCN
464.0,0.0,ed,gs,hs,0.0,0.227,1.0,5,1.884,0.116,GCN
1000.0,0.0,ed,gs,hs,0.0,0.227,1.0,5,1.884,0.116,GCN
1.0,1.0,ed,gs,hs,1.0,0.227,0.5,3,1.884,0.116,GCN
2.0,0.36916,ed,gs,hs,1.0,0.227,0.5,3,1.884,0.116,GCN
4.0,0.14704,ed,gs,hs,1.0,0.227,0.5,3,1.884,0.116,GCN
10.0,0.0021,ed,gs,hs,1.0,0.227,0.5,3,1.884,0.116,GCN
21.0,0.0,ed,gs,hs,1.0,0.227,0.5,3,1.884,0.116,GCN
46.0,0.0,ed,gs,hs,1.0,0.227,0.5,3,1.884,0.116,GCN
100.0,0.0,ed,gs,hs,1.0,0.227,0.5,3,1.884,0.116,GCN
215.0,0.0,ed,gs,hs,1.0,0.227,0.5,3,1.884,0.116,GCN
464.0,0.0,ed,gs,hs,1.0,0.227,0.5,3,1.884,0.116,GCN
1000.0,0.0,ed,gs,hs,1.0,0.227,0.5,3,1.884,0.116,GCN
1.0,1.0,ed,gs,hs,0.75,0.227,1.0,3,1.884,0.116,GCN
2.0,0.33542,ed,gs,hs,0.75,0.227,1.0,3,1.884,0.116,GCN
4.0,0.14976,ed,gs,hs,0.75,0.227,1.0,3,1.884,0.116,GCN
10.0,0.0031,ed,gs,hs,0.75,0.227,1.0,3,1.884,0.116,GCN
21.0,0.0,ed,gs,hs,0.75,0.227,1.0,3,1.884,0.116,GCN
46.0,0.0,ed,gs,hs,0.75,0.227,1.0,3,1.884,0.116,GCN
100.0,0.0,ed,gs,hs,0.75,0.227,1.0,3,1.884,0.116,GCN
215.0,0.0,ed,gs,hs,0.75,0.227,1.0,3,1.884,0.116,GCN
464.0,0.0,ed,gs,hs,0.75,0.227,1.0,3,1.884,0.116,GCN
1000.0,0.0,ed,gs,hs,0.75,0.227,1.0,3,1.884,0.116,GCN
1.0,1.0,es,gs,hs,0.75,0.227,1.0,3,1.884,0.116,GCN
2.0,0.40836,es,gs,hs,0.75,0.227,1.0,3,1.884,0.116,GCN
4.0,0.15852,es,gs,hs,0.75,0.227,1.0,3,1.884,0.116,GCN
10.0,0.0045,es,gs,hs,0.75,0.227,1.0,3,1.884,0.116,GCN
21.0,0.0,es,gs,hs,0.75,0.227,1.0,3,1.884,0.116,GCN
46.0,0.0,es,gs,hs,0.75,0.227,1.0,3,1.884,0.116,GCN
100.0,0.0,es,gs,hs,0.75,0.227,1.0,3,1.884,0.116,GCN
215.0,0.0,es,gs,hs,0.75,0.227,1.0,3,1.884,0.116,GCN
464.0,0.0,es,gs,hs,0.75,0.227,1.0,3,1.884,0.116,GCN
1000.0,0.0,es,gs,hs,0.75,0.227,1.0,3,1.884,0.116,GCN
1.0,1.0,ed,gs,hs,0.25,0.227,0.227,3,1.884,0.116,GCN
2.0,0.35488,ed,gs,hs,0.25,0.227,0.227,3,1.884,0.116,GCN
4.0,0.17332,ed,gs,hs,0.25,0.227,0.227,3,1.884,0.116,GCN
10.0,0.0027,ed,gs,hs,0.25,0.227,0.227,3,1.884,0.116,GCN
21.0,0.0,ed,gs,hs,0.25,0.227,0.227,3,1.884,0.116,GCN
46.0,0.0,ed,gs,hs,0.25,0.227,0.227,3,1.884,0.116,GCN
100.0,0.0,ed,gs,hs,0.25,0.227,0.227,3,1.884,0.116,GCN
215.0,0.0,ed,gs,hs,0.25,0.227,0.227,3,1.884,0.116,GCN
464.0,0.0,ed,gs,hs,0.25,0.227,0.227,3,1.884,0.116,GCN
1000.0,0.0,ed,gs,hs,0.25,0.227,0.227,3,1.884,0.116,GCN
1.0,1.0,ed,gs,hs,0.0,0.227,1.0,7,1.884,0.116,GCN
2.0,0.51122,ed,gs,hs,0.0,0.227,1.0,7,1.884,0.116,GCN
4.0,0.3118,ed,gs,hs,0.0,0.227,1.0,7,1.884,0.116,GCN
10.0,0.0062,ed,gs,hs,0.0,0.227,1.0,7,1.884,0.116,GCN
21.0,0.0,ed,gs,hs,0.0,0.227,1.0,7,1.884,0.116,GCN
46.0,0.0,ed,gs,hs,0.0,0.227,1.0,7,1.884,0.116,GCN
100.0,0.0,ed,gs,hs,0.0,0.227,1.0,7,1.884,0.116,GCN
215.0,0.0,ed,gs,hs,0.0,0.227,1.0,7,1.884,0.116,GCN
464.0,0.0,ed,gs,hs,0.0,0.227,1.0,7,1.884,0.116,GCN
1000.0,0.0,ed,gs,hs,0.0,0.227,1.0,7,1.884,0.116,GCN
1.0,1.0,ed,gs,hs,0.5,0.227,1.0,5,1.884,0.116,GCN
2.0,0.44754,ed,gs,hs,0.5,0.227,1.0,5,1.884,0.116,GCN
4.0,0.2452,ed,gs,hs,0.5,0.227,1.0,5,1.884,0.116,GCN
10.0,0.0047,ed,gs,hs,0.5,0.227,1.0,5,1.884,0.116,GCN
21.0,0.0,ed,gs,hs,0.5,0.227,1.0,5,1.884,0.116,GCN
46.0,0.0,ed,gs,hs,0.5,0.227,1.0,5,1.884,0.116,GCN
100.0,0.0,ed,gs,hs,0.5,0.227,1.0,5,1.884,0.116,GCN
215.0,0.0,ed,gs,hs,0.5,0.227,1.0,5,1.884,0.116,GCN
464.0,0.0,ed,gs,hs,0.5,0.227,1.0,5,1.884,0.116,GCN
1000.0,0.0,ed,gs,hs,0.5,0.227,1.0,5,1.884,0.116,GCN
1.0,1.0,es,gs,hs,0.75,0.227,0.5,3,1.884,0.116,GCN
2.0,0.49928,es,gs,hs,0.75,0.227,0.5,3,1.884,0.116,GCN
4.0,0.18576,es,gs,hs,0.75,0.227,0.5,3,1.884,0.116,GCN
10.0,0.0025,es,gs,hs,0.75,0.227,0.5,3,1.884,0.116,GCN
21.0,0.0,es,gs,hs,0.75,0.227,0.5,3,1.884,0.116,GCN
46.0,0.0,es,gs,hs,0.75,0.227,0.5,3,1.884,0.116,GCN
100.0,0.0,es,gs,hs,0.75,0.227,0.5,3,1.884,0.116,GCN
215.0,0.0,es,gs,hs,0.75,0.227,0.5,3,1.884,0.116,GCN
464.0,0.0,es,gs,hs,0.75,0.227,0.5,3,1.884,0.116,GCN
1000.0,0.0,es,gs,hs,0.75,0.227,0.5,3,1.884,0.116,GCN
1.0,1.0,ed,gs,hs,0.75,0.227,0.75,5,1.884,0.116,GCN
2.0,0.451,ed,gs,hs,0.75,0.227,0.75,5,1.884,0.116,GCN
4.0,0.20956,ed,gs,hs,0.75,0.227,0.75,5,1.884,0.116,GCN
10.0,0.0049,ed,gs,hs,0.75,0.227,0.75,5,1.884,0.116,GCN
21.0,0.0,ed,gs,hs,0.75,0.227,0.75,5,1.884,0.116,GCN
46.0,0.0,ed,gs,hs,0.75,0.227,0.75,5,1.884,0.116,GCN
100.0,0.0,ed,gs,hs,0.75,0.227,0.75,5,1.884,0.116,GCN
215.0,0.0,ed,gs,hs,0.75,0.227,0.75,5,1.884,0.116,GCN
464.0,0.0,ed,gs,hs,0.75,0.227,0.75,5,1.884,0.116,GCN
1000.0,0.0,ed,gs,hs,0.75,0.227,0.75,5,1.884,0.116,GCN
1.0,1.0,ed,gs,hs,0.0,0.227,0.5,7,1.884,0.116,GCN
2.0,0.4756,ed,gs,hs,0.0,0.227,0.5,7,1.884,0.116,GCN
4.0,0.25632,ed,gs,hs,0.0,0.227,0.5,7,1.884,0.116,GCN
10.0,0.0046,ed,gs,hs,0.0,0.227,0.5,7,1.884,0.116,GCN
21.0,0.0,ed,gs,hs,0.0,0.227,0.5,7,1.884,0.116,GCN
46.0,0.0,ed,gs,hs,0.0,0.227,0.5,7,1.884,0.116,GCN
100.0,0.0,ed,gs,hs,0.0,0.227,0.5,7,1.884,0.116,GCN
215.0,0.0,ed,gs,hs,0.0,0.227,0.5,7,1.884,0.116,GCN
464.0,0.0,ed,gs,hs,0.0,0.227,0.5,7,1.884,0.116,GCN
1000.0,0.0,ed,gs,hs,0.0,0.227,0.5,7,1.884,0.116,GCN
1.0,1.0,ed,gs,hs,0.5,0.227,0.5,5,1.884,0.116,GCN
2.0,0.4468,ed,gs,hs,0.5,0.227,0.5,5,1.884,0.116,GCN
4.0,0.21336,ed,gs,hs,0.5,0.227,0.5,5,1.884,0.116,GCN
10.0,0.0032,ed,gs,hs,0.5,0.227,0.5,5,1.884,0.116,GCN
21.0,0.0,ed,gs,hs,0.5,0.227,0.5,5,1.884,0.116,GCN
46.0,0.0,ed,gs,hs,0.5,0.227,0.5,5,1.884,0.116,GCN
100.0,0.0,ed,gs,hs,0.5,0.227,0.5,5,1.884,0.116,GCN
215.0,0.0,ed,gs,hs,0.5,0.227,0.5,5,1.884,0.116,GCN
464.0,0.0,ed,gs,hs,0.5,0.227,0.5,5,1.884,0.116,GCN
1000.0,0.0,ed,gs,hs,0.5,0.227,0.5,5,1.884,0.116,GCN
1.0,1.0,ed,gs,hs,0.5,0.227,0.75,7,1.884,0.116,GCN
2.0,0.50424,ed,gs,hs,0.5,0.227,0.75,7,1.884,0.116,GCN
4.0,0.26856,ed,gs,hs,0.5,0.227,0.75,7,1.884,0.116,GCN
10.0,0.0055999999999999,ed,gs,hs,0.5,0.227,0.75,7,1.884,0.116,GCN
21.0,0.0,ed,gs,hs,0.5,0.227,0.75,7,1.884,0.116,GCN
46.0,0.0,ed,gs,hs,0.5,0.227,0.75,7,1.884,0.116,GCN
100.0,0.0,ed,gs,hs,0.5,0.227,0.75,7,1.884,0.116,GCN
215.0,0.0,ed,gs,hs,0.5,0.227,0.75,7,1.884,0.116,GCN
464.0,0.0,ed,gs,hs,0.5,0.227,0.75,7,1.884,0.116,GCN
1000.0,0.0,ed,gs,hs,0.5,0.227,0.75,7,1.884,0.116,GCN
1.0,1.0,es,gs,hs,1.0,0.227,0.227,3,1.884,0.116,GCN
2.0,0.78936,es,gs,hs,1.0,0.227,0.227,3,1.884,0.116,GCN
4.0,0.49164,es,gs,hs,1.0,0.227,0.227,3,1.884,0.116,GCN
10.0,0.0408,es,gs,hs,1.0,0.227,0.227,3,1.884,0.116,GCN
21.0,0.53466,es,gs,hs,1.0,0.227,0.227,3,1.884,0.116,GCN
46.0,0.7695799999999999,es,gs,hs,1.0,0.227,0.227,3,1.884,0.116,GCN
100.0,0.86,es,gs,hs,1.0,0.227,0.227,3,1.884,0.116,GCN
215.0,0.99975,es,gs,hs,1.0,0.227,0.227,3,1.884,0.116,GCN
464.0,1.0904,es,gs,hs,1.0,0.227,0.227,3,1.884,0.116,GCN
1000.0,0.91,es,gs,hs,1.0,0.227,0.227,3,1.884,0.116,GCN
1.0,1.0,es,gs,hs,0.5,0.227,0.75,7,1.884,0.116,GCN
2.0,0.48374,es,gs,hs,0.5,0.227,0.75,7,1.884,0.116,GCN
4.0,0.22608,es,gs,hs,0.5,0.227,0.75,7,1.884,0.116,GCN
10.0,0.0034,es,gs,hs,0.5,0.227,0.75,7,1.884,0.116,GCN
21.0,0.0,es,gs,hs,0.5,0.227,0.75,7,1.884,0.116,GCN
46.0,0.0,es,gs,hs,0.5,0.227,0.75,7,1.884,0.116,GCN
100.0,0.0,es,gs,hs,0.5,0.227,0.75,7,1.884,0.116,GCN
215.0,0.0,es,gs,hs,0.5,0.227,0.75,7,1.884,0.116,GCN
464.0,0.0,es,gs,hs,0.5,0.227,0.75,7,1.884,0.116,GCN
1000.0,0.0,es,gs,hs,0.5,0.227,0.75,7,1.884,0.116,GCN
1.0,1.0,es,gs,hs,0.5,0.227,0.227,3,1.884,0.116,GCN
2.0,0.3791,es,gs,hs,0.5,0.227,0.227,3,1.884,0.116,GCN
4.0,0.16768,es,gs,hs,0.5,0.227,0.227,3,1.884,0.116,GCN
10.0,0.0023,es,gs,hs,0.5,0.227,0.227,3,1.884,0.116,GCN
21.0,0.0,es,gs,hs,0.5,0.227,0.227,3,1.884,0.116,GCN
46.0,0.0,es,gs,hs,0.5,0.227,0.227,3,1.884,0.116,GCN
100.0,0.0,es,gs,hs,0.5,0.227,0.227,3,1.884,0.116,GCN
215.0,0.0,es,gs,hs,0.5,0.227,0.227,3,1.884,0.116,GCN
464.0,0.0,es,gs,hs,0.5,0.227,0.227,3,1.884,0.116,GCN
1000.0,0.0,es,gs,hs,0.5,0.227,0.227,3,1.884,0.116,GCN
1.0,1.0,ed,gs,hs,0.75,0.227,0.5,3,1.884,0.116,GCN
2.0,0.35958,ed,gs,hs,0.75,0.227,0.5,3,1.884,0.116,GCN
4.0,0.14932,ed,gs,hs,0.75,0.227,0.5,3,1.884,0.116,GCN
10.0,0.0026,ed,gs,hs,0.75,0.227,0.5,3,1.884,0.116,GCN
21.0,0.0,ed,gs,hs,0.75,0.227,0.5,3,1.884,0.116,GCN
46.0,0.0,ed,gs,hs,0.75,0.227,0.5,3,1.884,0.116,GCN
100.0,0.0,ed,gs,hs,0.75,0.227,0.5,3,1.884,0.116,GCN
215.0,0.0,ed,gs,hs,0.75,0.227,0.5,3,1.884,0.116,GCN
464.0,0.0,ed,gs,hs,0.75,0.227,0.5,3,1.884,0.116,GCN
1000.0,0.0,ed,gs,hs,0.75,0.227,0.5,3,1.884,0.116,GCN
1.0,1.0,es,gs,hs,0.75,0.227,0.75,7,1.884,0.116,GCN
2.0,0.70144,es,gs,hs,0.75,0.227,0.75,7,1.884,0.116,GCN
4.0,0.35292,es,gs,hs,0.75,0.227,0.75,7,1.884,0.116,GCN
10.0,0.0139,es,gs,hs,0.75,0.227,0.75,7,1.884,0.116,GCN
21.0,0.03108,es,gs,hs,0.75,0.227,0.75,7,1.884,0.116,GCN
46.0,0.15778,es,gs,hs,0.75,0.227,0.75,7,1.884,0.116,GCN
100.0,0.545,es,gs,hs,0.75,0.227,0.75,7,1.884,0.116,GCN
215.0,1.4448,es,gs,hs,0.75,0.227,0.75,7,1.884,0.116,GCN
464.0,3.2248,es,gs,hs,0.75,0.227,0.75,7,1.884,0.116,GCN
1000.0,6.36,es,gs,hs,0.75,0.227,0.75,7,1.884,0.116,GCN
1.0,1.0,ed,gs,hs,0.5,0.227,0.227,3,1.884,0.116,GCN
2.0,0.37264,ed,gs,hs,0.5,0.227,0.227,3,1.884,0.116,GCN
4.0,0.18456,ed,gs,hs,0.5,0.227,0.227,3,1.884,0.116,GCN
10.0,0.0033,ed,gs,hs,0.5,0.227,0.227,3,1.884,0.116,GCN
21.0,0.0,ed,gs,hs,0.5,0.227,0.227,3,1.884,0.116,GCN
46.0,0.0,ed,gs,hs,0.5,0.227,0.227,3,1.884,0.116,GCN
100.0,0.0,ed,gs,hs,0.5,0.227,0.227,3,1.884,0.116,GCN
215.0,0.0,ed,gs,hs,0.5,0.227,0.227,3,1.884,0.116,GCN
464.0,0.0,ed,gs,hs,0.5,0.227,0.227,3,1.884,0.116,GCN
1000.0,0.0,ed,gs,hs,0.5,0.227,0.227,3,1.884,0.116,GCN
1.0,1.0,ed,gs,hs,0.5,0.227,0.5,7,1.884,0.116,GCN
2.0,0.51242,ed,gs,hs,0.5,0.227,0.5,7,1.884,0.116,GCN
4.0,0.25756,ed,gs,hs,0.5,0.227,0.5,7,1.884,0.116,GCN
10.0,0.0052,ed,gs,hs,0.5,0.227,0.5,7,1.884,0.116,GCN
21.0,0.0,ed,gs,hs,0.5,0.227,0.5,7,1.884,0.116,GCN
46.0,0.0,ed,gs,hs,0.5,0.227,0.5,7,1.884,0.116,GCN
100.0,0.0,ed,gs,hs,0.5,0.227,0.5,7,1.884,0.116,GCN
215.0,0.0,ed,gs,hs,0.5,0.227,0.5,7,1.884,0.116,GCN
464.0,0.0,ed,gs,hs,0.5,0.227,0.5,7,1.884,0.116,GCN
1000.0,0.0,ed,gs,hs,0.5,0.227,0.5,7,1.884,0.116,GCN
1.0,1.0,ed,gs,hs,0.5,0.227,0.75,5,1.884,0.116,GCN
2.0,0.43992,ed,gs,hs,0.5,0.227,0.75,5,1.884,0.116,GCN
4.0,0.22168,ed,gs,hs,0.5,0.227,0.75,5,1.884,0.116,GCN
10.0,0.0038,ed,gs,hs,0.5,0.227,0.75,5,1.884,0.116,GCN
21.0,0.0,ed,gs,hs,0.5,0.227,0.75,5,1.884,0.116,GCN
46.0,0.0,ed,gs,hs,0.5,0.227,0.75,5,1.884,0.116,GCN
100.0,0.0,ed,gs,hs,0.5,0.227,0.75,5,1.884,0.116,GCN
215.0,0.0,ed,gs,hs,0.5,0.227,0.75,5,1.884,0.116,GCN
464.0,0.0,ed,gs,hs,0.5,0.227,0.75,5,1.884,0.116,GCN
1000.0,0.0,ed,gs,hs,0.5,0.227,0.75,5,1.884,0.116,GCN
1.0,1.0,ed,gs,hs,0.0,0.227,0.5,5,1.884,0.116,GCN
2.0,0.41126,ed,gs,hs,0.0,0.227,0.5,5,1.884,0.116,GCN
4.0,0.20128,ed,gs,hs,0.0,0.227,0.5,5,1.884,0.116,GCN
10.0,0.0027999999999999,ed,gs,hs,0.0,0.227,0.5,5,1.884,0.116,GCN
21.0,0.0,ed,gs,hs,0.0,0.227,0.5,5,1.884,0.116,GCN
46.0,0.0,ed,gs,hs,0.0,0.227,0.5,5,1.884,0.116,GCN
100.0,0.0,ed,gs,hs,0.0,0.227,0.5,5,1.884,0.116,GCN
215.0,0.0,ed,gs,hs,0.0,0.227,0.5,5,1.884,0.116,GCN
464.0,0.0,ed,gs,hs,0.0,0.227,0.5,5,1.884,0.116,GCN
1000.0,0.0,ed,gs,hs,0.0,0.227,0.5,5,1.884,0.116,GCN
1.0,1.0,ed,gs,hs,1.0,0.227,0.227,3,1.884,0.116,GCN
2.0,0.41156,ed,gs,hs,1.0,0.227,0.227,3,1.884,0.116,GCN
4.0,0.19832,ed,gs,hs,1.0,0.227,0.227,3,1.884,0.116,GCN
10.0,0.0035,ed,gs,hs,1.0,0.227,0.227,3,1.884,0.116,GCN
21.0,0.0,ed,gs,hs,1.0,0.227,0.227,3,1.884,0.116,GCN
46.0,0.0,ed,gs,hs,1.0,0.227,0.227,3,1.884,0.116,GCN
100.0,0.0,ed,gs,hs,1.0,0.227,0.227,3,1.884,0.116,GCN
215.0,0.0,ed,gs,hs,1.0,0.227,0.227,3,1.884,0.116,GCN
464.0,0.0,ed,gs,hs,1.0,0.227,0.227,3,1.884,0.116,GCN
1000.0,0.0,ed,gs,hs,1.0,0.227,0.227,3,1.884,0.116,GCN
1.0,1.0,ed,gs,hs,0.75,0.227,0.75,7,1.884,0.116,GCN
2.0,0.5194,ed,gs,hs,0.75,0.227,0.75,7,1.884,0.116,GCN
4.0,0.26012,ed,gs,hs,0.75,0.227,0.75,7,1.884,0.116,GCN
10.0,0.007,ed,gs,hs,0.75,0.227,0.75,7,1.884,0.116,GCN
21.0,0.0,ed,gs,hs,0.75,0.227,0.75,7,1.884,0.116,GCN
46.0,0.0,ed,gs,hs,0.75,0.227,0.75,7,1.884,0.116,GCN
100.0,0.0,ed,gs,hs,0.75,0.227,0.75,7,1.884,0.116,GCN
215.0,0.0,ed,gs,hs,0.75,0.227,0.75,7,1.884,0.116,GCN
464.0,0.0,ed,gs,hs,0.75,0.227,0.75,7,1.884,0.116,GCN
1000.0,0.0,ed,gs,hs,0.75,0.227,0.75,7,1.884,0.116,GCN
1.0,1.0,ed,gs,hs,1.0,0.227,1.0,3,1.884,0.116,GCN
2.0,0.32436,ed,gs,hs,1.0,0.227,1.0,3,1.884,0.116,GCN
4.0,0.14088,ed,gs,hs,1.0,0.227,1.0,3,1.884,0.116,GCN
10.0,0.0031,ed,gs,hs,1.0,0.227,1.0,3,1.884,0.116,GCN
21.0,0.0,ed,gs,hs,1.0,0.227,1.0,3,1.884,0.116,GCN
46.0,0.0,ed,gs,hs,1.0,0.227,1.0,3,1.884,0.116,GCN
100.0,0.0,ed,gs,hs,1.0,0.227,1.0,3,1.884,0.116,GCN
215.0,0.0,ed,gs,hs,1.0,0.227,1.0,3,1.884,0.116,GCN
464.0,0.0,ed,gs,hs,1.0,0.227,1.0,3,1.884,0.116,GCN
1000.0,0.0,ed,gs,hs,1.0,0.227,1.0,3,1.884,0.116,GCN
1.0,1.0,es,gs,hs,0.75,0.227,0.75,5,1.884,0.116,GCN
2.0,0.59718,es,gs,hs,0.75,0.227,0.75,5,1.884,0.116,GCN
4.0,0.256,es,gs,hs,0.75,0.227,0.75,5,1.884,0.116,GCN
10.0,0.0049,es,gs,hs,0.75,0.227,0.75,5,1.884,0.116,GCN
21.0,0.0,es,gs,hs,0.75,0.227,0.75,5,1.884,0.116,GCN
46.0,0.0,es,gs,hs,0.75,0.227,0.75,5,1.884,0.116,GCN
100.0,0.0,es,gs,hs,0.75,0.227,0.75,5,1.884,0.116,GCN
215.0,0.0,es,gs,hs,0.75,0.227,0.75,5,1.884,0.116,GCN
464.0,0.0,es,gs,hs,0.75,0.227,0.75,5,1.884,0.116,GCN
1000.0,0.0,es,gs,hs,0.75,0.227,0.75,5,1.884,0.116,GCN
1.0,1.0,es,gs,hs,0.5,0.227,0.75,5,1.884,0.116,GCN
2.0,0.41552,es,gs,hs,0.5,0.227,0.75,5,1.884,0.116,GCN
4.0,0.17476,es,gs,hs,0.5,0.227,0.75,5,1.884,0.116,GCN
10.0,0.002,es,gs,hs,0.5,0.227,0.75,5,1.884,0.116,GCN
21.0,0.0,es,gs,hs,0.5,0.227,0.75,5,1.884,0.116,GCN
46.0,0.0,es,gs,hs,0.5,0.227,0.75,5,1.884,0.116,GCN
100.0,0.0,es,gs,hs,0.5,0.227,0.75,5,1.884,0.116,GCN
215.0,0.0,es,gs,hs,0.5,0.227,0.75,5,1.884,0.116,GCN
464.0,0.0,es,gs,hs,0.5,0.227,0.75,5,1.884,0.116,GCN
1000.0,0.0,es,gs,hs,0.5,0.227,0.75,5,1.884,0.116,GCN
1.0,1.0,es,gs,hs,0.75,0.227,0.75,3,1.884,0.116,GCN
2.0,0.4499,es,gs,hs,0.75,0.227,0.75,3,1.884,0.116,GCN
4.0,0.15152,es,gs,hs,0.75,0.227,0.75,3,1.884,0.116,GCN
10.0,0.002,es,gs,hs,0.75,0.227,0.75,3,1.884,0.116,GCN
21.0,0.0,es,gs,hs,0.75,0.227,0.75,3,1.884,0.116,GCN
46.0,0.0,es,gs,hs,0.75,0.227,0.75,3,1.884,0.116,GCN
100.0,0.0,es,gs,hs,0.75,0.227,0.75,3,1.884,0.116,GCN
215.0,0.0,es,gs,hs,0.75,0.227,0.75,3,1.884,0.116,GCN
464.0,0.0,es,gs,hs,0.75,0.227,0.75,3,1.884,0.116,GCN
1000.0,0.0,es,gs,hs,0.75,0.227,0.75,3,1.884,0.116,GCN
1.0,1.0,ed,gs,hs,0.75,0.227,0.5,7,1.884,0.116,GCN
2.0,0.53366,ed,gs,hs,0.75,0.227,0.5,7,1.884,0.116,GCN
4.0,0.26116,ed,gs,hs,0.75,0.227,0.5,7,1.884,0.116,GCN
10.0,0.0052,ed,gs,hs,0.75,0.227,0.5,7,1.884,0.116,GCN
21.0,0.0,ed,gs,hs,0.75,0.227,0.5,7,1.884,0.116,GCN
46.0,0.0,ed,gs,hs,0.75,0.227,0.5,7,1.884,0.116,GCN
100.0,0.0,ed,gs,hs,0.75,0.227,0.5,7,1.884,0.116,GCN
215.0,0.0,ed,gs,hs,0.75,0.227,0.5,7,1.884,0.116,GCN
464.0,0.0,ed,gs,hs,0.75,0.227,0.5,7,1.884,0.116,GCN
1000.0,0.0,ed,gs,hs,0.75,0.227,0.5,7,1.884,0.116,GCN
1.0,1.0,es,gs,hs,0.5,0.227,0.75,3,1.884,0.116,GCN
2.0,0.3092,es,gs,hs,0.5,0.227,0.75,3,1.884,0.116,GCN
4.0,0.10876,es,gs,hs,0.5,0.227,0.75,3,1.884,0.116,GCN
10.0,0.0011,es,gs,hs,0.5,0.227,0.75,3,1.884,0.116,GCN
21.0,0.0,es,gs,hs,0.5,0.227,0.75,3,1.884,0.116,GCN
46.0,0.0,es,gs,hs,0.5,0.227,0.75,3,1.884,0.116,GCN
100.0,0.0,es,gs,hs,0.5,0.227,0.75,3,1.884,0.116,GCN
215.0,0.0,es,gs,hs,0.5,0.227,0.75,3,1.884,0.116,GCN
464.0,0.0,es,gs,hs,0.5,0.227,0.75,3,1.884,0.116,GCN
1000.0,0.0,es,gs,hs,0.5,0.227,0.75,3,1.884,0.116,GCN
1.0,1.0,es,gs,hs,1.0,0.227,0.227,7,1.884,0.116,GCN
2.0,1.16242,es,gs,hs,1.0,0.227,0.227,7,1.884,0.116,GCN
4.0,0.92372,es,gs,hs,1.0,0.227,0.227,7,1.884,0.116,GCN
10.0,0.8344,es,gs,hs,1.0,0.227,0.227,7,1.884,0.116,GCN
21.0,0.95067,es,gs,hs,1.0,0.227,0.227,7,1.884,0.116,GCN
46.0,0.99038,es,gs,hs,1.0,0.227,0.227,7,1.884,0.116,GCN
100.0,0.978,es,gs,hs,1.0,0.227,0.227,7,1.884,0.116,GCN
215.0,0.9675,es,gs,hs,1.0,0.227,0.227,7,1.884,0.116,GCN
464.0,1.00688,es,gs,hs,1.0,0.227,0.227,7,1.884,0.116,GCN
1000.0,1.06,es,gs,hs,1.0,0.227,0.227,7,1.884,0.116,GCN
1.0,1.0,es,gs,hs,0.5,0.227,0.227,7,1.884,0.116,GCN
2.0,0.54388,es,gs,hs,0.5,0.227,0.227,7,1.884,0.116,GCN
4.0,0.27084,es,gs,hs,0.5,0.227,0.227,7,1.884,0.116,GCN
10.0,0.0033,es,gs,hs,0.5,0.227,0.227,7,1.884,0.116,GCN
21.0,0.0,es,gs,hs,0.5,0.227,0.227,7,1.884,0.116,GCN
46.0,0.0,es,gs,hs,0.5,0.227,0.227,7,1.884,0.116,GCN
100.0,0.0,es,gs,hs,0.5,0.227,0.227,7,1.884,0.116,GCN
215.0,0.0,es,gs,hs,0.5,0.227,0.227,7,1.884,0.116,GCN
464.0,0.0,es,gs,hs,0.5,0.227,0.227,7,1.884,0.116,GCN
1000.0,0.0,es,gs,hs,0.5,0.227,0.227,7,1.884,0.116,GCN
1.0,1.0,ed,gs,hs,1.0,0.227,0.227,5,1.884,0.116,GCN
2.0,0.5286,ed,gs,hs,1.0,0.227,0.227,5,1.884,0.116,GCN
4.0,0.26268,ed,gs,hs,1.0,0.227,0.227,5,1.884,0.116,GCN
10.0,0.004,ed,gs,hs,1.0,0.227,0.227,5,1.884,0.116,GCN
21.0,0.0,ed,gs,hs,1.0,0.227,0.227,5,1.884,0.116,GCN
46.0,0.0,ed,gs,hs,1.0,0.227,0.227,5,1.884,0.116,GCN
100.0,0.0,ed,gs,hs,1.0,0.227,0.227,5,1.884,0.116,GCN
215.0,0.0,ed,gs,hs,1.0,0.227,0.227,5,1.884,0.116,GCN
464.0,0.0,ed,gs,hs,1.0,0.227,0.227,5,1.884,0.116,GCN
1000.0,0.0,ed,gs,hs,1.0,0.227,0.227,5,1.884,0.116,GCN
1.0,1.0,ed,gs,hs,0.0,0.227,0.5,3,1.884,0.116,GCN
2.0,0.3256,ed,gs,hs,0.0,0.227,0.5,3,1.884,0.116,GCN
4.0,0.15044,ed,gs,hs,0.0,0.227,0.5,3,1.884,0.116,GCN
10.0,0.0019,ed,gs,hs,0.0,0.227,0.5,3,1.884,0.116,GCN
21.0,0.0,ed,gs,hs,0.0,0.227,0.5,3,1.884,0.116,GCN
46.0,0.0,ed,gs,hs,0.0,0.227,0.5,3,1.884,0.116,GCN
100.0,0.0,ed,gs,hs,0.0,0.227,0.5,3,1.884,0.116,GCN
215.0,0.0,ed,gs,hs,0.0,0.227,0.5,3,1.884,0.116,GCN
464.0,0.0,ed,gs,hs,0.0,0.227,0.5,3,1.884,0.116,GCN
1000.0,0.0,ed,gs,hs,0.0,0.227,0.5,3,1.884,0.116,GCN
1.0,1.0,ed,gs,hs,0.5,0.227,0.75,3,1.884,0.116,GCN
2.0,0.33466,ed,gs,hs,0.5,0.227,0.75,3,1.884,0.116,GCN
4.0,0.1482,ed,gs,hs,0.5,0.227,0.75,3,1.884,0.116,GCN
10.0,0.0029,ed,gs,hs,0.5,0.227,0.75,3,1.884,0.116,GCN
21.0,0.0,ed,gs,hs,0.5,0.227,0.75,3,1.884,0.116,GCN
46.0,0.0,ed,gs,hs,0.5,0.227,0.75,3,1.884,0.116,GCN
100.0,0.0,ed,gs,hs,0.5,0.227,0.75,3,1.884,0.116,GCN
215.0,0.0,ed,gs,hs,0.5,0.227,0.75,3,1.884,0.116,GCN
464.0,0.0,ed,gs,hs,0.5,0.227,0.75,3,1.884,0.116,GCN
1000.0,0.0,ed,gs,hs,0.5,0.227,0.75,3,1.884,0.116,GCN
1.0,1.0,ed,gs,hs,0.5,0.227,0.227,5,1.884,0.116,GCN
2.0,0.48204,ed,gs,hs,0.5,0.227,0.227,5,1.884,0.116,GCN
4.0,0.2416,ed,gs,hs,0.5,0.227,0.227,5,1.884,0.116,GCN
10.0,0.0032,ed,gs,hs,0.5,0.227,0.227,5,1.884,0.116,GCN
21.0,0.0,ed,gs,hs,0.5,0.227,0.227,5,1.884,0.116,GCN
46.0,0.0,ed,gs,hs,0.5,0.227,0.227,5,1.884,0.116,GCN
100.0,0.0,ed,gs,hs,0.5,0.227,0.227,5,1.884,0.116,GCN
215.0,0.0,ed,gs,hs,0.5,0.227,0.227,5,1.884,0.116,GCN
464.0,0.0,ed,gs,hs,0.5,0.227,0.227,5,1.884,0.116,GCN
1000.0,0.0,ed,gs,hs,0.5,0.227,0.227,5,1.884,0.116,GCN
1.0,1.0,es,gs,hs,0.75,0.227,0.5,7,1.884,0.116,GCN
2.0,0.74814,es,gs,hs,0.75,0.227,0.5,7,1.884,0.116,GCN
4.0,0.35852,es,gs,hs,0.75,0.227,0.5,7,1.884,0.116,GCN
10.0,0.0084999999999999,es,gs,hs,0.75,0.227,0.5,7,1.884,0.116,GCN
21.0,0.00714,es,gs,hs,0.75,0.227,0.5,7,1.884,0.116,GCN
46.0,0.01334,es,gs,hs,0.75,0.227,0.5,7,1.884,0.116,GCN
100.0,0.021,es,gs,hs,0.75,0.227,0.5,7,1.884,0.116,GCN
215.0,0.01075,es,gs,hs,0.75,0.227,0.5,7,1.884,0.116,GCN
464.0,0.00464,es,gs,hs,0.75,0.227,0.5,7,1.884,0.116,GCN
1000.0,0.0,es,gs,hs,0.75,0.227,0.5,7,1.884,0.116,GCN
1.0,1.0,ed,gs,hs,1.0,0.227,1.0,5,1.884,0.116,GCN
2.0,0.44324,ed,gs,hs,1.0,0.227,1.0,5,1.884,0.116,GCN
4.0,0.21992,ed,gs,hs,1.0,0.227,1.0,5,1.884,0.116,GCN
10.0,0.0059999999999999,ed,gs,hs,1.0,0.227,1.0,5,1.884,0.116,GCN
21.0,0.0,ed,gs,hs,1.0,0.227,1.0,5,1.884,0.116,GCN
46.0,0.0,ed,gs,hs,1.0,0.227,1.0,5,1.884,0.116,GCN
100.0,0.0,ed,gs,hs,1.0,0.227,1.0,5,1.884,0.116,GCN
215.0,0.0,ed,gs,hs,1.0,0.227,1.0,5,1.884,0.116,GCN
464.0,0.0,ed,gs,hs,1.0,0.227,1.0,5,1.884,0.116,GCN
1000.0,0.0,ed,gs,hs,1.0,0.227,1.0,5,1.884,0.116,GCN
1.0,1.0,es,gs,hs,0.5,0.227,0.227,5,1.884,0.116,GCN
2.0,0.48556,es,gs,hs,0.5,0.227,0.227,5,1.884,0.116,GCN
4.0,0.22444,es,gs,hs,0.5,0.227,0.227,5,1.884,0.116,GCN
10.0,0.0025,es,gs,hs,0.5,0.227,0.227,5,1.884,0.116,GCN
21.0,0.0,es,gs,hs,0.5,0.227,0.227,5,1.884,0.116,GCN
46.0,0.0,es,gs,hs,0.5,0.227,0.227,5,1.884,0.116,GCN
100.0,0.0,es,gs,hs,0.5,0.227,0.227,5,1.884,0.116,GCN
215.0,0.0,es,gs,hs,0.5,0.227,0.227,5,1.884,0.116,GCN
464.0,0.0,es,gs,hs,0.5,0.227,0.227,5,1.884,0.116,GCN
1000.0,0.0,es,gs,hs,0.5,0.227,0.227,5,1.884,0.116,GCN
1.0,1.0,es,gs,hs,1.0,0.227,0.227,5,1.884,0.116,GCN
2.0,1.0161,es,gs,hs,1.0,0.227,0.227,5,1.884,0.116,GCN
4.0,0.70052,es,gs,hs,1.0,0.227,0.227,5,1.884,0.116,GCN
10.0,0.7388,es,gs,hs,1.0,0.227,0.227,5,1.884,0.116,GCN
21.0,0.8532299999999999,es,gs,hs,1.0,0.227,0.227,5,1.884,0.116,GCN
46.0,0.96738,es,gs,hs,1.0,0.227,0.227,5,1.884,0.116,GCN
100.0,1.046,es,gs,hs,1.0,0.227,0.227,5,1.884,0.116,GCN
215.0,1.0234,es,gs,hs,1.0,0.227,0.227,5,1.884,0.116,GCN
464.0,0.96976,es,gs,hs,1.0,0.227,0.227,5,1.884,0.116,GCN
1000.0,0.96,es,gs,hs,1.0,0.227,0.227,5,1.884,0.116,GCN
1.0,1.0,ed,gs,hs,0.75,0.227,0.5,5,1.884,0.116,GCN
2.0,0.4642,ed,gs,hs,0.75,0.227,0.5,5,1.884,0.116,GCN
4.0,0.20684,ed,gs,hs,0.75,0.227,0.5,5,1.884,0.116,GCN
10.0,0.0031,ed,gs,hs,0.75,0.227,0.5,5,1.884,0.116,GCN
21.0,0.0,ed,gs,hs,0.75,0.227,0.5,5,1.884,0.116,GCN
46.0,0.0,ed,gs,hs,0.75,0.227,0.5,5,1.884,0.116,GCN
100.0,0.0,ed,gs,hs,0.75,0.227,0.5,5,1.884,0.116,GCN
215.0,0.0,ed,gs,hs,0.75,0.227,0.5,5,1.884,0.116,GCN
464.0,0.0,ed,gs,hs,0.75,0.227,0.5,5,1.884,0.116,GCN
1000.0,0.0,ed,gs,hs,0.75,0.227,0.5,5,1.884,0.116,GCN
1.0,1.0,ed,gs,hs,0.75,0.227,0.75,3,1.884,0.116,GCN
2.0,0.34114,ed,gs,hs,0.75,0.227,0.75,3,1.884,0.116,GCN
4.0,0.137,ed,gs,hs,0.75,0.227,0.75,3,1.884,0.116,GCN
10.0,0.0023,ed,gs,hs,0.75,0.227,0.75,3,1.884,0.116,GCN
21.0,0.0,ed,gs,hs,0.75,0.227,0.75,3,1.884,0.116,GCN
46.0,0.0,ed,gs,hs,0.75,0.227,0.75,3,1.884,0.116,GCN
100.0,0.0,ed,gs,hs,0.75,0.227,0.75,3,1.884,0.116,GCN
215.0,0.0,ed,gs,hs,0.75,0.227,0.75,3,1.884,0.116,GCN
464.0,0.0,ed,gs,hs,0.75,0.227,0.75,3,1.884,0.116,GCN
1000.0,0.0,ed,gs,hs,0.75,0.227,0.75,3,1.884,0.116,GCN
1.0,1.0,es,gs,hs,0.75,0.227,0.5,5,1.884,0.116,GCN
2.0,0.64664,es,gs,hs,0.75,0.227,0.5,5,1.884,0.116,GCN
4.0,0.26592,es,gs,hs,0.75,0.227,0.5,5,1.884,0.116,GCN
10.0,0.0029,es,gs,hs,0.75,0.227,0.5,5,1.884,0.116,GCN
21.0,0.0,es,gs,hs,0.75,0.227,0.5,5,1.884,0.116,GCN
46.0,0.0,es,gs,hs,0.75,0.227,0.5,5,1.884,0.116,GCN
100.0,0.0,es,gs,hs,0.75,0.227,0.5,5,1.884,0.116,GCN
215.0,0.0,es,gs,hs,0.75,0.227,0.5,5,1.884,0.116,GCN
464.0,0.0,es,gs,hs,0.75,0.227,0.5,5,1.884,0.116,GCN
1000.0,0.0,es,gs,hs,0.75,0.227,0.5,5,1.884,0.116,GCN
1.0,1.0,ed,gs,hs,1.0,0.227,1.0,7,1.884,0.116,GCN
2.0,0.52004,ed,gs,hs,1.0,0.227,1.0,7,1.884,0.116,GCN
4.0,0.27684,ed,gs,hs,1.0,0.227,1.0,7,1.884,0.116,GCN
10.0,0.0067,ed,gs,hs,1.0,0.227,1.0,7,1.884,0.116,GCN
21.0,0.0,ed,gs,hs,1.0,0.227,1.0,7,1.884,0.116,GCN
46.0,0.0,ed,gs,hs,1.0,0.227,1.0,7,1.884,0.116,GCN
100.0,0.0,ed,gs,hs,1.0,0.227,1.0,7,1.884,0.116,GCN
215.0,0.0,ed,gs,hs,1.0,0.227,1.0,7,1.884,0.116,GCN
464.0,0.0,ed,gs,hs,1.0,0.227,1.0,7,1.884,0.116,GCN
1000.0,0.0,ed,gs,hs,1.0,0.227,1.0,7,1.884,0.116,GCN
1.0,1.0,ed,gs,hs,0.5,0.227,0.5,3,1.884,0.116,GCN
2.0,0.34574,ed,gs,hs,0.5,0.227,0.5,3,1.884,0.116,GCN
4.0,0.14916,ed,gs,hs,0.5,0.227,0.5,3,1.884,0.116,GCN
10.0,0.0022,ed,gs,hs,0.5,0.227,0.5,3,1.884,0.116,GCN
21.0,0.0,ed,gs,hs,0.5,0.227,0.5,3,1.884,0.116,GCN
46.0,0.0,ed,gs,hs,0.5,0.227,0.5,3,1.884,0.116,GCN
100.0,0.0,ed,gs,hs,0.5,0.227,0.5,3,1.884,0.116,GCN
215.0,0.0,ed,gs,hs,0.5,0.227,0.5,3,1.884,0.116,GCN
464.0,0.0,ed,gs,hs,0.5,0.227,0.5,3,1.884,0.116,GCN
1000.0,0.0,ed,gs,hs,0.5,0.227,0.5,3,1.884,0.116,GCN
1.0,1.0,ed,gs,hs,0.5,0.227,0.227,7,1.884,0.116,GCN
2.0,0.53982,ed,gs,hs,0.5,0.227,0.227,7,1.884,0.116,GCN
4.0,0.28308,ed,gs,hs,0.5,0.227,0.227,7,1.884,0.116,GCN
10.0,0.0059,ed,gs,hs,0.5,0.227,0.227,7,1.884,0.116,GCN
21.0,0.0,ed,gs,hs,0.5,0.227,0.227,7,1.884,0.116,GCN
46.0,0.0,ed,gs,hs,0.5,0.227,0.227,7,1.884,0.116,GCN
100.0,0.0,ed,gs,hs,0.5,0.227,0.227,7,1.884,0.116,GCN
215.0,0.0,ed,gs,hs,0.5,0.227,0.227,7,1.884,0.116,GCN
464.0,0.0,ed,gs,hs,0.5,0.227,0.227,7,1.884,0.116,GCN
1000.0,0.0,ed,gs,hs,0.5,0.227,0.227,7,1.884,0.116,GCN
1.0,1.0,ed,gs,hs,1.0,0.227,0.227,7,1.884,0.116,GCN
2.0,0.59968,ed,gs,hs,1.0,0.227,0.227,7,1.884,0.116,GCN
4.0,0.30528,ed,gs,hs,1.0,0.227,0.227,7,1.884,0.116,GCN
10.0,0.0049,ed,gs,hs,1.0,0.227,0.227,7,1.884,0.116,GCN
21.0,0.0,ed,gs,hs,1.0,0.227,0.227,7,1.884,0.116,GCN
46.0,0.0,ed,gs,hs,1.0,0.227,0.227,7,1.884,0.116,GCN
100.0,0.0,ed,gs,hs,1.0,0.227,0.227,7,1.884,0.116,GCN
215.0,0.0,ed,gs,hs,1.0,0.227,0.227,7,1.884,0.116,GCN
464.0,0.0,ed,gs,hs,1.0,0.227,0.227,7,1.884,0.116,GCN
1000.0,0.0,ed,gs,hs,1.0,0.227,0.227,7,1.884,0.116,GCN
